top_k,best_val_macro_f1,test_macro_f1,test_micro_f1,collapsed
6.0,0.28081396811323533,0.275682448746998,0.3491103020357931,False
7.0,0.2849530906034585,0.2853017972692874,0.3575228344876041,False
