{
  "micro_f1": 0.3000804505229284,
  "macro_f1": 0.2537690435167228,
  "per_label_f1": {
    "Self-direction: thought": 0.10187667560321714,
    "Self-direction: action": 0.12351190476190474,
    "Stimulation": 0.1967526265520535,
    "Hedonism": 0.19531250000000003,
    "Achievement": 0.2934272300469484,
    "Power: dominance": 0.29078947368421054,
    "Power: resources": 0.37506185056902525,
    "Face": 0.16300940438871472,
    "Security: personal": 0.2698412698412699,
    "Security: societal": 0.38982387475538166,
    "Tradition": 0.4292929292929292,
    "Conformity: rules": 0.37587412587412583,
    "Conformity: interpersonal": 0.09747899159663866,
    "Humility": 0.0,
    "Benevolence: caring": 0.17993079584775085,
    "Benevolence: dependability": 0.2154398563734291,
    "Universalism: concern": 0.3746192893401015,
    "Universalism: nature": 0.5525040387722132,
    "Universalism: tolerance": 0.19706498951781973
  },
  "per_label_support": {
    "Self-direction: thought": {
      "gold": 171.0,
      "pred": 202.0,
      "gold_rate": 0.011737250326034732,
      "pred_rate": 0.013865055940695998
    },
    "Self-direction: action": {
      "gold": 512.0,
      "pred": 832.0,
      "gold_rate": 0.03514311208730867,
      "pred_rate": 0.05710755714187659
    },
    "Stimulation": {
      "gold": 371.0,
      "pred": 676.0,
      "gold_rate": 0.02546502848513968,
      "pred_rate": 0.046399890177774725
    },
    "Hedonism": {
      "gold": 125.0,
      "pred": 131.0,
      "gold_rate": 0.008579861349440594,
      "pred_rate": 0.008991694694213742
    },
    "Achievement": {
      "gold": 911.0,
      "pred": 793.0,
      "gold_rate": 0.06253002951472304,
      "pred_rate": 0.054430640400851125
    },
    "Power: dominance": {
      "gold": 631.0,
      "pred": 889.0,
      "gold_rate": 0.04331114009197611,
      "pred_rate": 0.0610199739172215
    },
    "Power: resources": {
      "gold": 805.0,
      "pred": 1216.0,
      "gold_rate": 0.05525430709039742,
      "pred_rate": 0.08346489120735809
    },
    "Face": {
      "gold": 267.0,
      "pred": 371.0,
      "gold_rate": 0.018326583842405108,
      "pred_rate": 0.02546502848513968
    },
    "Security: personal": {
      "gold": 352.0,
      "pred": 278.0,
      "gold_rate": 0.02416088956002471,
      "pred_rate": 0.01908161164115588
    },
    "Security: societal": {
      "gold": 1151.0,
      "pred": 1404.0,
      "gold_rate": 0.07900336330564899,
      "pred_rate": 0.09636900267691674
    },
    "Tradition": {
      "gold": 196.0,
      "pred": 200.0,
      "gold_rate": 0.01345322259592285,
      "pred_rate": 0.01372777815910495
    },
    "Conformity: rules": {
      "gold": 911.0,
      "pred": 1377.0,
      "gold_rate": 0.06253002951472304,
      "pred_rate": 0.09451575262543757
    },
    "Conformity: interpersonal": {
      "gold": 195.0,
      "pred": 400.0,
      "gold_rate": 0.013384583705127325,
      "pred_rate": 0.0274555563182099
    },
    "Humility": {
      "gold": 30.0,
      "pred": 1.0,
      "gold_rate": 0.0020591667238657424,
      "pred_rate": 6.863889079552475e-05
    },
    "Benevolence: caring": {
      "gold": 324.0,
      "pred": 543.0,
      "gold_rate": 0.022239000617750016,
      "pred_rate": 0.037270917701969934
    },
    "Benevolence: dependability": {
      "gold": 288.0,
      "pred": 269.0,
      "gold_rate": 0.019768000549111125,
      "pred_rate": 0.018463861623996155
    },
    "Universalism: concern": {
      "gold": 735.0,
      "pred": 1235.0,
      "gold_rate": 0.05044958473471069,
      "pred_rate": 0.08476903013247306
    },
    "Universalism: nature": {
      "gold": 293.0,
      "pred": 326.0,
      "gold_rate": 0.02011119500308875,
      "pred_rate": 0.022376278399341067
    },
    "Universalism: tolerance": {
      "gold": 171.0,
      "pred": 306.0,
      "gold_rate": 0.011737250326034732,
      "pred_rate": 0.021003500583430573
    }
  },
  "meta": {
    "model_name": "microsoft/deberta-v3-large",
    "context_type": "sentence",
    "rag_mode": "none",
    "use_rag": false,
    "top_k": 2,
    "seed": 42,
    "split": "test"
  }
}
