{
  "micro_f1": 0.31843375648131594,
  "macro_f1": 0.25404393250877516,
  "per_label_f1": {
    "Self-direction: thought": 0.06976744186046512,
    "Self-direction: action": 0.16391085549964055,
    "Stimulation": 0.2134914751667902,
    "Hedonism": 0.17733990147783252,
    "Achievement": 0.3113167858645351,
    "Power: dominance": 0.3139418254764293,
    "Power: resources": 0.36160529582126605,
    "Face": 0.16354344122657577,
    "Security: personal": 0.27786259541984737,
    "Security: societal": 0.39418825015792797,
    "Tradition": 0.35799522673031026,
    "Conformity: rules": 0.3925729442970822,
    "Conformity: interpersonal": 0.07323943661971831,
    "Humility": 0.0,
    "Benevolence: caring": 0.2073365231259968,
    "Benevolence: dependability": 0.2566844919786096,
    "Universalism: concern": 0.3954248366013071,
    "Universalism: nature": 0.5334928229665071,
    "Universalism: tolerance": 0.1631205673758865
  },
  "per_label_support": {
    "Self-direction: thought": {
      "gold": 171.0,
      "pred": 87.0,
      "gold_rate": 0.011737250326034732,
      "pred_rate": 0.005971583499210653
    },
    "Self-direction: action": {
      "gold": 512.0,
      "pred": 879.0,
      "gold_rate": 0.03514311208730867,
      "pred_rate": 0.06033358500926625
    },
    "Stimulation": {
      "gold": 371.0,
      "pred": 978.0,
      "gold_rate": 0.02546502848513968,
      "pred_rate": 0.0671288351980232
    },
    "Hedonism": {
      "gold": 125.0,
      "pred": 281.0,
      "gold_rate": 0.008579861349440594,
      "pred_rate": 0.019287528313542454
    },
    "Achievement": {
      "gold": 911.0,
      "pred": 1466.0,
      "gold_rate": 0.06253002951472304,
      "pred_rate": 0.10062461390623928
    },
    "Power: dominance": {
      "gold": 631.0,
      "pred": 1363.0,
      "gold_rate": 0.04331114009197611,
      "pred_rate": 0.09355480815430023
    },
    "Power: resources": {
      "gold": 805.0,
      "pred": 1612.0,
      "gold_rate": 0.05525430709039742,
      "pred_rate": 0.11064589196238589
    },
    "Face": {
      "gold": 267.0,
      "pred": 320.0,
      "gold_rate": 0.018326583842405108,
      "pred_rate": 0.02196444505456792
    },
    "Security: personal": {
      "gold": 352.0,
      "pred": 303.0,
      "gold_rate": 0.02416088956002471,
      "pred_rate": 0.020797583911044
    },
    "Security: societal": {
      "gold": 1151.0,
      "pred": 2015.0,
      "gold_rate": 0.07900336330564899,
      "pred_rate": 0.13830736495298235
    },
    "Tradition": {
      "gold": 196.0,
      "pred": 223.0,
      "gold_rate": 0.01345322259592285,
      "pred_rate": 0.015306472647402017
    },
    "Conformity: rules": {
      "gold": 911.0,
      "pred": 1728.0,
      "gold_rate": 0.06253002951472304,
      "pred_rate": 0.11860800329466675
    },
    "Conformity: interpersonal": {
      "gold": 195.0,
      "pred": 160.0,
      "gold_rate": 0.013384583705127325,
      "pred_rate": 0.01098222252728396
    },
    "Humility": {
      "gold": 30.0,
      "pred": 0.0,
      "gold_rate": 0.0020591667238657424,
      "pred_rate": 0.0
    },
    "Benevolence: caring": {
      "gold": 324.0,
      "pred": 303.0,
      "gold_rate": 0.022239000617750016,
      "pred_rate": 0.020797583911044
    },
    "Benevolence: dependability": {
      "gold": 288.0,
      "pred": 460.0,
      "gold_rate": 0.019768000549111125,
      "pred_rate": 0.03157388976594138
    },
    "Universalism: concern": {
      "gold": 735.0,
      "pred": 1101.0,
      "gold_rate": 0.05044958473471069,
      "pred_rate": 0.07557141876587274
    },
    "Universalism: nature": {
      "gold": 293.0,
      "pred": 543.0,
      "gold_rate": 0.02011119500308875,
      "pred_rate": 0.037270917701969934
    },
    "Universalism: tolerance": {
      "gold": 171.0,
      "pred": 111.0,
      "gold_rate": 0.011737250326034732,
      "pred_rate": 0.007618916878303247
    }
  }
}
