{
  "micro_f1": 0.337728046703965,
  "macro_f1": 0.27853581737826155,
  "per_label_f1": {
    "Self-direction: thought": 0.021164021164021163,
    "Self-direction: action": 0.1531176006314128,
    "Stimulation": 0.2672064777327935,
    "Hedonism": 0.2317880794701987,
    "Achievement": 0.36149732620320857,
    "Power: dominance": 0.32113037893384716,
    "Power: resources": 0.41100000000000003,
    "Face": 0.1879699248120301,
    "Security: personal": 0.3004784688995215,
    "Security: societal": 0.4231041814316088,
    "Tradition": 0.40646651270207856,
    "Conformity: rules": 0.40867389491242706,
    "Conformity: interpersonal": 0.14414414414414412,
    "Humility": 0.0,
    "Benevolence: caring": 0.23538704581358608,
    "Benevolence: dependability": 0.2503097893432466,
    "Universalism: concern": 0.38538597525044194,
    "Universalism: nature": 0.5855072463768117,
    "Universalism: tolerance": 0.19784946236559142
  },
  "per_label_support": {
    "Self-direction: thought": {
      "gold": 171.0,
      "pred": 18.0,
      "gold_rate": 0.011737250326034732,
      "pred_rate": 0.0012355000343194453
    },
    "Self-direction: action": {
      "gold": 512.0,
      "pred": 755.0,
      "gold_rate": 0.03514311208730867,
      "pred_rate": 0.051822362550621184
    },
    "Stimulation": {
      "gold": 371.0,
      "pred": 370.0,
      "gold_rate": 0.02546502848513968,
      "pred_rate": 0.025396389594344156
    },
    "Hedonism": {
      "gold": 125.0,
      "pred": 177.0,
      "gold_rate": 0.008579861349440594,
      "pred_rate": 0.01214908367080788
    },
    "Achievement": {
      "gold": 911.0,
      "pred": 959.0,
      "gold_rate": 0.06253002951472304,
      "pred_rate": 0.06582469627290823
    },
    "Power: dominance": {
      "gold": 631.0,
      "pred": 926.0,
      "gold_rate": 0.04331114009197611,
      "pred_rate": 0.06355961287665592
    },
    "Power: resources": {
      "gold": 805.0,
      "pred": 1195.0,
      "gold_rate": 0.05525430709039742,
      "pred_rate": 0.08202347450065207
    },
    "Face": {
      "gold": 267.0,
      "pred": 265.0,
      "gold_rate": 0.018326583842405108,
      "pred_rate": 0.018189306060814057
    },
    "Security: personal": {
      "gold": 352.0,
      "pred": 693.0,
      "gold_rate": 0.02416088956002471,
      "pred_rate": 0.047566751321298645
    },
    "Security: societal": {
      "gold": 1151.0,
      "pred": 1671.0,
      "gold_rate": 0.07900336330564899,
      "pred_rate": 0.11469558651932185
    },
    "Tradition": {
      "gold": 196.0,
      "pred": 237.0,
      "gold_rate": 0.01345322259592285,
      "pred_rate": 0.016267417118539365
    },
    "Conformity: rules": {
      "gold": 911.0,
      "pred": 1487.0,
      "gold_rate": 0.06253002951472304,
      "pred_rate": 0.1020660306129453
    },
    "Conformity: interpersonal": {
      "gold": 195.0,
      "pred": 249.0,
      "gold_rate": 0.013384583705127325,
      "pred_rate": 0.01709108380808566
    },
    "Humility": {
      "gold": 30.0,
      "pred": 0.0,
      "gold_rate": 0.0020591667238657424,
      "pred_rate": 0.0
    },
    "Benevolence: caring": {
      "gold": 324.0,
      "pred": 942.0,
      "gold_rate": 0.022239000617750016,
      "pred_rate": 0.0646578351293843
    },
    "Benevolence: dependability": {
      "gold": 288.0,
      "pred": 519.0,
      "gold_rate": 0.019768000549111125,
      "pred_rate": 0.03562358432287734
    },
    "Universalism: concern": {
      "gold": 735.0,
      "pred": 962.0,
      "gold_rate": 0.05044958473471069,
      "pred_rate": 0.0660306129452948
    },
    "Universalism: nature": {
      "gold": 293.0,
      "pred": 397.0,
      "gold_rate": 0.02011119500308875,
      "pred_rate": 0.027249639645823324
    },
    "Universalism: tolerance": {
      "gold": 171.0,
      "pred": 294.0,
      "gold_rate": 0.011737250326034732,
      "pred_rate": 0.020179833893884273
    }
  },
  "meta": {
    "model_name": "microsoft/deberta-v3-large",
    "context_type": "doc",
    "rag_mode": "none",
    "use_rag": false,
    "top_k": 2,
    "seed": 42,
    "split": "test"
  }
}
