{
  "micro_f1": 0.33150899139953094,
  "macro_f1": 0.2712457237522624,
  "per_label_f1": {
    "Self-direction: thought": 0.09032258064516129,
    "Self-direction: action": 0.12602739726027395,
    "Stimulation": 0.23106060606060605,
    "Hedonism": 0.2662889518413598,
    "Achievement": 0.34335117332235493,
    "Power: dominance": 0.3177865612648221,
    "Power: resources": 0.3928251121076233,
    "Face": 0.18181818181818182,
    "Security: personal": 0.3006134969325154,
    "Security: societal": 0.4187111547268564,
    "Tradition": 0.38775510204081637,
    "Conformity: rules": 0.4361098996947231,
    "Conformity: interpersonal": 0.07084468664850135,
    "Humility": 0.0,
    "Benevolence: caring": 0.21411947245927077,
    "Benevolence: dependability": 0.2601809954751131,
    "Universalism: concern": 0.3812056737588652,
    "Universalism: nature": 0.5588235294117647,
    "Universalism: tolerance": 0.1758241758241758
  },
  "per_label_support": {
    "Self-direction: thought": {
      "gold": 171.0,
      "pred": 139.0,
      "gold_rate": 0.011737250326034732,
      "pred_rate": 0.00954080582057794
    },
    "Self-direction: action": {
      "gold": 512.0,
      "pred": 583.0,
      "gold_rate": 0.03514311208730867,
      "pred_rate": 0.04001647333379093
    },
    "Stimulation": {
      "gold": 371.0,
      "pred": 685.0,
      "gold_rate": 0.02546502848513968,
      "pred_rate": 0.04701764019493445
    },
    "Hedonism": {
      "gold": 125.0,
      "pred": 228.0,
      "gold_rate": 0.008579861349440594,
      "pred_rate": 0.015649667101379643
    },
    "Achievement": {
      "gold": 911.0,
      "pred": 1518.0,
      "gold_rate": 0.06253002951472304,
      "pred_rate": 0.10419383622760656
    },
    "Power: dominance": {
      "gold": 631.0,
      "pred": 634.0,
      "gold_rate": 0.04331114009197611,
      "pred_rate": 0.04351705676436269
    },
    "Power: resources": {
      "gold": 805.0,
      "pred": 1425.0,
      "gold_rate": 0.05525430709039742,
      "pred_rate": 0.09781041938362275
    },
    "Face": {
      "gold": 267.0,
      "pred": 261.0,
      "gold_rate": 0.018326583842405108,
      "pred_rate": 0.017914750497631957
    },
    "Security: personal": {
      "gold": 352.0,
      "pred": 300.0,
      "gold_rate": 0.02416088956002471,
      "pred_rate": 0.020591667238657425
    },
    "Security: societal": {
      "gold": 1151.0,
      "pred": 1906.0,
      "gold_rate": 0.07900336330564899,
      "pred_rate": 0.13082572585627017
    },
    "Tradition": {
      "gold": 196.0,
      "pred": 294.0,
      "gold_rate": 0.01345322259592285,
      "pred_rate": 0.020179833893884273
    },
    "Conformity: rules": {
      "gold": 911.0,
      "pred": 1382.0,
      "gold_rate": 0.06253002951472304,
      "pred_rate": 0.0948589470794152
    },
    "Conformity: interpersonal": {
      "gold": 195.0,
      "pred": 172.0,
      "gold_rate": 0.013384583705127325,
      "pred_rate": 0.011805889216830257
    },
    "Humility": {
      "gold": 30.0,
      "pred": 1.0,
      "gold_rate": 0.0020591667238657424,
      "pred_rate": 6.863889079552475e-05
    },
    "Benevolence: caring": {
      "gold": 324.0,
      "pred": 965.0,
      "gold_rate": 0.022239000617750016,
      "pred_rate": 0.06623652961768138
    },
    "Benevolence: dependability": {
      "gold": 288.0,
      "pred": 596.0,
      "gold_rate": 0.019768000549111125,
      "pred_rate": 0.04090877891413275
    },
    "Universalism: concern": {
      "gold": 735.0,
      "pred": 1521.0,
      "gold_rate": 0.05044958473471069,
      "pred_rate": 0.10439975289999313
    },
    "Universalism: nature": {
      "gold": 293.0,
      "pred": 319.0,
      "gold_rate": 0.02011119500308875,
      "pred_rate": 0.021895806163772392
    },
    "Universalism: tolerance": {
      "gold": 171.0,
      "pred": 375.0,
      "gold_rate": 0.011737250326034732,
      "pred_rate": 0.02573958404832178
    }
  }
}
