{
  "micro_f1": 0.2784636488340192,
  "macro_f1": 0.22228938106701665,
  "per_label_f1": {
    "Self-direction: thought": 0.03686635944700461,
    "Self-direction: action": 0.13822894168466524,
    "Stimulation": 0.18167701863354038,
    "Hedonism": 0.13970588235294118,
    "Achievement": 0.29088785046728965,
    "Power: dominance": 0.280437756497948,
    "Power: resources": 0.359504132231405,
    "Face": 0.11607142857142858,
    "Security: personal": 0.27085590465872156,
    "Security: societal": 0.3427771948233648,
    "Tradition": 0.3133159268929504,
    "Conformity: rules": 0.3434343434343434,
    "Conformity: interpersonal": 0.07194244604316546,
    "Humility": 0.0,
    "Benevolence: caring": 0.19960474308300397,
    "Benevolence: dependability": 0.19414893617021275,
    "Universalism: concern": 0.2818791946308725,
    "Universalism: nature": 0.49936948297604034,
    "Universalism: tolerance": 0.16279069767441862
  },
  "per_label_support": {
    "Self-direction: thought": {
      "gold": 171.0,
      "pred": 46.0,
      "gold_rate": 0.011737250326034732,
      "pred_rate": 0.003157388976594138
    },
    "Self-direction: action": {
      "gold": 512.0,
      "pred": 877.0,
      "gold_rate": 0.03514311208730867,
      "pred_rate": 0.0601963072276752
    },
    "Stimulation": {
      "gold": 371.0,
      "pred": 917.0,
      "gold_rate": 0.02546502848513968,
      "pred_rate": 0.06294186285949618
    },
    "Hedonism": {
      "gold": 125.0,
      "pred": 147.0,
      "gold_rate": 0.008579861349440594,
      "pred_rate": 0.010089916946942137
    },
    "Achievement": {
      "gold": 911.0,
      "pred": 801.0,
      "gold_rate": 0.06253002951472304,
      "pred_rate": 0.05497975152721532
    },
    "Power: dominance": {
      "gold": 631.0,
      "pred": 831.0,
      "gold_rate": 0.04331114009197611,
      "pred_rate": 0.05703891825108106
    },
    "Power: resources": {
      "gold": 805.0,
      "pred": 1131.0,
      "gold_rate": 0.05525430709039742,
      "pred_rate": 0.07763058548973849
    },
    "Face": {
      "gold": 267.0,
      "pred": 181.0,
      "gold_rate": 0.018326583842405108,
      "pred_rate": 0.012423639233989979
    },
    "Security: personal": {
      "gold": 352.0,
      "pred": 571.0,
      "gold_rate": 0.02416088956002471,
      "pred_rate": 0.03919280664424463
    },
    "Security: societal": {
      "gold": 1151.0,
      "pred": 1708.0,
      "gold_rate": 0.07900336330564899,
      "pred_rate": 0.11723522547875627
    },
    "Tradition": {
      "gold": 196.0,
      "pred": 187.0,
      "gold_rate": 0.01345322259592285,
      "pred_rate": 0.012835472578763127
    },
    "Conformity: rules": {
      "gold": 911.0,
      "pred": 2158.0,
      "gold_rate": 0.06253002951472304,
      "pred_rate": 0.1481227263367424
    },
    "Conformity: interpersonal": {
      "gold": 195.0,
      "pred": 222.0,
      "gold_rate": 0.013384583705127325,
      "pred_rate": 0.015237833756606494
    },
    "Humility": {
      "gold": 30.0,
      "pred": 0.0,
      "gold_rate": 0.0020591667238657424,
      "pred_rate": 0.0
    },
    "Benevolence: caring": {
      "gold": 324.0,
      "pred": 688.0,
      "gold_rate": 0.022239000617750016,
      "pred_rate": 0.04722355686732103
    },
    "Benevolence: dependability": {
      "gold": 288.0,
      "pred": 464.0,
      "gold_rate": 0.019768000549111125,
      "pred_rate": 0.03184844532912348
    },
    "Universalism: concern": {
      "gold": 735.0,
      "pred": 457.0,
      "gold_rate": 0.05044958473471069,
      "pred_rate": 0.03136797309355481
    },
    "Universalism: nature": {
      "gold": 293.0,
      "pred": 500.0,
      "gold_rate": 0.02011119500308875,
      "pred_rate": 0.034319445397762376
    },
    "Universalism: tolerance": {
      "gold": 171.0,
      "pred": 87.0,
      "gold_rate": 0.011737250326034732,
      "pred_rate": 0.005971583499210653
    }
  },
  "meta": {
    "model_name": "microsoft/deberta-v3-large",
    "context_type": "window",
    "rag_mode": "early",
    "use_rag": true,
    "top_k": 2,
    "seed": 7,
    "split": "test"
  }
}
