{
  "micro_f1": 0.2656428349071288,
  "macro_f1": 0.20998503864877502,
  "per_label_f1": {
    "Self-direction: thought": 0.027303754266211604,
    "Self-direction: action": 0.09197475202885483,
    "Stimulation": 0.1974612129760226,
    "Hedonism": 0.13504823151125403,
    "Achievement": 0.30329289428076256,
    "Power: dominance": 0.26893353941267384,
    "Power: resources": 0.3400651465798045,
    "Face": 0.12379642365887207,
    "Security: personal": 0.2225609756097561,
    "Security: societal": 0.31000813669650124,
    "Tradition": 0.29962546816479396,
    "Conformity: rules": 0.34759117514633053,
    "Conformity: interpersonal": 0.0671462829736211,
    "Humility": 0.0,
    "Benevolence: caring": 0.1392757660167131,
    "Benevolence: dependability": 0.1497504159733777,
    "Universalism: concern": 0.3140726933830382,
    "Universalism: nature": 0.49113233287858116,
    "Universalism: tolerance": 0.16067653276955604
  },
  "per_label_support": {
    "Self-direction: thought": {
      "gold": 171.0,
      "pred": 122.0,
      "gold_rate": 0.011737250326034732,
      "pred_rate": 0.008373944677054018
    },
    "Self-direction: action": {
      "gold": 512.0,
      "pred": 597.0,
      "gold_rate": 0.03514311208730867,
      "pred_rate": 0.04097741780492827
    },
    "Stimulation": {
      "gold": 371.0,
      "pred": 338.0,
      "gold_rate": 0.02546502848513968,
      "pred_rate": 0.023199945088887362
    },
    "Hedonism": {
      "gold": 125.0,
      "pred": 186.0,
      "gold_rate": 0.008579861349440594,
      "pred_rate": 0.012766833687967603
    },
    "Achievement": {
      "gold": 911.0,
      "pred": 1397.0,
      "gold_rate": 0.06253002951472304,
      "pred_rate": 0.09588853044134807
    },
    "Power: dominance": {
      "gold": 631.0,
      "pred": 663.0,
      "gold_rate": 0.04331114009197611,
      "pred_rate": 0.045507584597432905
    },
    "Power: resources": {
      "gold": 805.0,
      "pred": 730.0,
      "gold_rate": 0.05525430709039742,
      "pred_rate": 0.05010639028073306
    },
    "Face": {
      "gold": 267.0,
      "pred": 460.0,
      "gold_rate": 0.018326583842405108,
      "pred_rate": 0.03157388976594138
    },
    "Security: personal": {
      "gold": 352.0,
      "pred": 304.0,
      "gold_rate": 0.02416088956002471,
      "pred_rate": 0.020866222801839522
    },
    "Security: societal": {
      "gold": 1151.0,
      "pred": 1307.0,
      "gold_rate": 0.07900336330564899,
      "pred_rate": 0.08971103026975084
    },
    "Tradition": {
      "gold": 196.0,
      "pred": 338.0,
      "gold_rate": 0.01345322259592285,
      "pred_rate": 0.023199945088887362
    },
    "Conformity: rules": {
      "gold": 911.0,
      "pred": 1310.0,
      "gold_rate": 0.06253002951472304,
      "pred_rate": 0.08991694694213742
    },
    "Conformity: interpersonal": {
      "gold": 195.0,
      "pred": 222.0,
      "gold_rate": 0.013384583705127325,
      "pred_rate": 0.015237833756606494
    },
    "Humility": {
      "gold": 30.0,
      "pred": 1.0,
      "gold_rate": 0.0020591667238657424,
      "pred_rate": 6.863889079552475e-05
    },
    "Benevolence: caring": {
      "gold": 324.0,
      "pred": 394.0,
      "gold_rate": 0.022239000617750016,
      "pred_rate": 0.02704372297343675
    },
    "Benevolence: dependability": {
      "gold": 288.0,
      "pred": 313.0,
      "gold_rate": 0.019768000549111125,
      "pred_rate": 0.021483972818999244
    },
    "Universalism: concern": {
      "gold": 735.0,
      "pred": 1411.0,
      "gold_rate": 0.05044958473471069,
      "pred_rate": 0.09684947491248541
    },
    "Universalism: nature": {
      "gold": 293.0,
      "pred": 440.0,
      "gold_rate": 0.02011119500308875,
      "pred_rate": 0.030201111950030887
    },
    "Universalism: tolerance": {
      "gold": 171.0,
      "pred": 302.0,
      "gold_rate": 0.011737250326034732,
      "pred_rate": 0.02072894502024847
    }
  },
  "meta": {
    "model_name": "microsoft/deberta-v3-large",
    "context_type": "window",
    "rag_mode": "none",
    "use_rag": false,
    "top_k": 2,
    "seed": 1701,
    "split": "test"
  }
}
