{
  "micro_f1": 0.3448841874886011,
  "macro_f1": 0.29038515772340817,
  "per_label_f1": {
    "Self-direction: thought": 0.07843137254901959,
    "Self-direction: action": 0.18307426597582038,
    "Stimulation": 0.24639076034648708,
    "Hedonism": 0.29739776951672864,
    "Achievement": 0.3595406360424029,
    "Power: dominance": 0.35205992509363304,
    "Power: resources": 0.3998063891577928,
    "Face": 0.20833333333333334,
    "Security: personal": 0.29970326409495546,
    "Security: societal": 0.4371584699453552,
    "Tradition": 0.42533936651583715,
    "Conformity: rules": 0.4288793103448276,
    "Conformity: interpersonal": 0.11797752808988765,
    "Humility": 0.0,
    "Benevolence: caring": 0.24770642201834864,
    "Benevolence: dependability": 0.2461257976298997,
    "Universalism: concern": 0.3934288121314237,
    "Universalism: nature": 0.5564102564102564,
    "Universalism: tolerance": 0.2395543175487465
  },
  "per_label_support": {
    "Self-direction: thought": {
      "gold": 171.0,
      "pred": 135.0,
      "gold_rate": 0.011737250326034732,
      "pred_rate": 0.009266250257395841
    },
    "Self-direction: action": {
      "gold": 512.0,
      "pred": 1225.0,
      "gold_rate": 0.03514311208730867,
      "pred_rate": 0.0840826412245178
    },
    "Stimulation": {
      "gold": 371.0,
      "pred": 668.0,
      "gold_rate": 0.02546502848513968,
      "pred_rate": 0.04585077905141053
    },
    "Hedonism": {
      "gold": 125.0,
      "pred": 144.0,
      "gold_rate": 0.008579861349440594,
      "pred_rate": 0.009884000274555563
    },
    "Achievement": {
      "gold": 911.0,
      "pred": 1353.0,
      "gold_rate": 0.06253002951472304,
      "pred_rate": 0.09286841924634498
    },
    "Power: dominance": {
      "gold": 631.0,
      "pred": 971.0,
      "gold_rate": 0.04331114009197611,
      "pred_rate": 0.06664836296245452
    },
    "Power: resources": {
      "gold": 805.0,
      "pred": 1261.0,
      "gold_rate": 0.05525430709039742,
      "pred_rate": 0.08655364129315671
    },
    "Face": {
      "gold": 267.0,
      "pred": 213.0,
      "gold_rate": 0.018326583842405108,
      "pred_rate": 0.01462008373944677
    },
    "Security: personal": {
      "gold": 352.0,
      "pred": 322.0,
      "gold_rate": 0.02416088956002471,
      "pred_rate": 0.02210172283615897
    },
    "Security: societal": {
      "gold": 1151.0,
      "pred": 1960.0,
      "gold_rate": 0.07900336330564899,
      "pred_rate": 0.1345322259592285
    },
    "Tradition": {
      "gold": 196.0,
      "pred": 246.0,
      "gold_rate": 0.01345322259592285,
      "pred_rate": 0.016885167135699087
    },
    "Conformity: rules": {
      "gold": 911.0,
      "pred": 945.0,
      "gold_rate": 0.06253002951472304,
      "pred_rate": 0.06486375180177088
    },
    "Conformity: interpersonal": {
      "gold": 195.0,
      "pred": 161.0,
      "gold_rate": 0.013384583705127325,
      "pred_rate": 0.011050861418079485
    },
    "Humility": {
      "gold": 30.0,
      "pred": 0.0,
      "gold_rate": 0.0020591667238657424,
      "pred_rate": 0.0
    },
    "Benevolence: caring": {
      "gold": 324.0,
      "pred": 766.0,
      "gold_rate": 0.022239000617750016,
      "pred_rate": 0.05257739034937196
    },
    "Benevolence: dependability": {
      "gold": 288.0,
      "pred": 809.0,
      "gold_rate": 0.019768000549111125,
      "pred_rate": 0.055528862653579515
    },
    "Universalism: concern": {
      "gold": 735.0,
      "pred": 1639.0,
      "gold_rate": 0.05044958473471069,
      "pred_rate": 0.11249914201386506
    },
    "Universalism: nature": {
      "gold": 293.0,
      "pred": 487.0,
      "gold_rate": 0.02011119500308875,
      "pred_rate": 0.03342713981742055
    },
    "Universalism: tolerance": {
      "gold": 171.0,
      "pred": 188.0,
      "gold_rate": 0.011737250326034732,
      "pred_rate": 0.012904111469558652
    }
  }
}
