{
  "micro_f1": 0.35769768900467985,
  "macro_f1": 0.28368367398414585,
  "per_label_f1": {
    "Self-direction: thought": 0.021621621621621623,
    "Self-direction: action": 0.1804757998359311,
    "Stimulation": 0.25053995680345575,
    "Hedonism": 0.2710027100271003,
    "Achievement": 0.35499515033947626,
    "Power: dominance": 0.3686231486560614,
    "Power: resources": 0.40570846075433237,
    "Face": 0.2066115702479339,
    "Security: personal": 0.3370233702337024,
    "Security: societal": 0.4241898148148148,
    "Tradition": 0.4031413612565445,
    "Conformity: rules": 0.44065040650406506,
    "Conformity: interpersonal": 0.08290155440414508,
    "Humility": 0.0,
    "Benevolence: caring": 0.17635270541082163,
    "Benevolence: dependability": 0.24583333333333332,
    "Universalism: concern": 0.40986132511556245,
    "Universalism: nature": 0.588235294117647,
    "Universalism: tolerance": 0.2222222222222222
  },
  "per_label_support": {
    "Self-direction: thought": {
      "gold": 171.0,
      "pred": 14.0,
      "gold_rate": 0.011737250326034732,
      "pred_rate": 0.0009609444711373464
    },
    "Self-direction: action": {
      "gold": 512.0,
      "pred": 707.0,
      "gold_rate": 0.03514311208730867,
      "pred_rate": 0.048527695792435994
    },
    "Stimulation": {
      "gold": 371.0,
      "pred": 555.0,
      "gold_rate": 0.02546502848513968,
      "pred_rate": 0.03809458439151623
    },
    "Hedonism": {
      "gold": 125.0,
      "pred": 244.0,
      "gold_rate": 0.008579861349440594,
      "pred_rate": 0.016747889354108036
    },
    "Achievement": {
      "gold": 911.0,
      "pred": 1151.0,
      "gold_rate": 0.06253002951472304,
      "pred_rate": 0.07900336330564899
    },
    "Power: dominance": {
      "gold": 631.0,
      "pred": 1192.0,
      "gold_rate": 0.04331114009197611,
      "pred_rate": 0.0818175578282655
    },
    "Power: resources": {
      "gold": 805.0,
      "pred": 1157.0,
      "gold_rate": 0.05525430709039742,
      "pred_rate": 0.07941519665042213
    },
    "Face": {
      "gold": 267.0,
      "pred": 217.0,
      "gold_rate": 0.018326583842405108,
      "pred_rate": 0.01489463930262887
    },
    "Security: personal": {
      "gold": 352.0,
      "pred": 461.0,
      "gold_rate": 0.02416088956002471,
      "pred_rate": 0.031642528656736904
    },
    "Security: societal": {
      "gold": 1151.0,
      "pred": 2305.0,
      "gold_rate": 0.07900336330564899,
      "pred_rate": 0.15821264328368453
    },
    "Tradition": {
      "gold": 196.0,
      "pred": 186.0,
      "gold_rate": 0.01345322259592285,
      "pred_rate": 0.012766833687967603
    },
    "Conformity: rules": {
      "gold": 911.0,
      "pred": 1549.0,
      "gold_rate": 0.06253002951472304,
      "pred_rate": 0.10632164184226783
    },
    "Conformity: interpersonal": {
      "gold": 195.0,
      "pred": 191.0,
      "gold_rate": 0.013384583705127325,
      "pred_rate": 0.013110028141945226
    },
    "Humility": {
      "gold": 30.0,
      "pred": 0.0,
      "gold_rate": 0.0020591667238657424,
      "pred_rate": 0.0
    },
    "Benevolence: caring": {
      "gold": 324.0,
      "pred": 175.0,
      "gold_rate": 0.022239000617750016,
      "pred_rate": 0.01201180588921683
    },
    "Benevolence: dependability": {
      "gold": 288.0,
      "pred": 192.0,
      "gold_rate": 0.019768000549111125,
      "pred_rate": 0.013178667032740751
    },
    "Universalism: concern": {
      "gold": 735.0,
      "pred": 1212.0,
      "gold_rate": 0.05044958473471069,
      "pred_rate": 0.083190335644176
    },
    "Universalism: nature": {
      "gold": 293.0,
      "pred": 438.0,
      "gold_rate": 0.02011119500308875,
      "pred_rate": 0.03006383416843984
    },
    "Universalism: tolerance": {
      "gold": 171.0,
      "pred": 342.0,
      "gold_rate": 0.011737250326034732,
      "pred_rate": 0.023474500652069463
    }
  }
}
