{
  "micro_f1": 0.32925248451677946,
  "macro_f1": 0.2529158091305729,
  "per_label_f1": {
    "Self-direction: thought": 0.03260869565217391,
    "Self-direction: action": 0.08803301237964237,
    "Stimulation": 0.23248882265275708,
    "Hedonism": 0.2168021680216802,
    "Achievement": 0.33541666666666664,
    "Power: dominance": 0.33194444444444443,
    "Power: resources": 0.3779128672745694,
    "Face": 0.13359528487229863,
    "Security: personal": 0.3166023166023166,
    "Security: societal": 0.4078230201987816,
    "Tradition": 0.3847980997624703,
    "Conformity: rules": 0.35985748218527314,
    "Conformity: interpersonal": 0.06792452830188679,
    "Humility": 0.0,
    "Benevolence: caring": 0.2091020910209102,
    "Benevolence: dependability": 0.25321100917431194,
    "Universalism: concern": 0.3688264612596285,
    "Universalism: nature": 0.5076023391812865,
    "Universalism: tolerance": 0.18085106382978722
  },
  "per_label_support": {
    "Self-direction: thought": {
      "gold": 171.0,
      "pred": 13.0,
      "gold_rate": 0.011737250326034732,
      "pred_rate": 0.0008923055803418217
    },
    "Self-direction: action": {
      "gold": 512.0,
      "pred": 215.0,
      "gold_rate": 0.03514311208730867,
      "pred_rate": 0.01475736152103782
    },
    "Stimulation": {
      "gold": 371.0,
      "pred": 300.0,
      "gold_rate": 0.02546502848513968,
      "pred_rate": 0.020591667238657425
    },
    "Hedonism": {
      "gold": 125.0,
      "pred": 244.0,
      "gold_rate": 0.008579861349440594,
      "pred_rate": 0.016747889354108036
    },
    "Achievement": {
      "gold": 911.0,
      "pred": 1009.0,
      "gold_rate": 0.06253002951472304,
      "pred_rate": 0.06925664081268447
    },
    "Power: dominance": {
      "gold": 631.0,
      "pred": 809.0,
      "gold_rate": 0.04331114009197611,
      "pred_rate": 0.055528862653579515
    },
    "Power: resources": {
      "gold": 805.0,
      "pred": 1169.0,
      "gold_rate": 0.05525430709039742,
      "pred_rate": 0.08023886333996842
    },
    "Face": {
      "gold": 267.0,
      "pred": 242.0,
      "gold_rate": 0.018326583842405108,
      "pred_rate": 0.01661061157251699
    },
    "Security: personal": {
      "gold": 352.0,
      "pred": 684.0,
      "gold_rate": 0.02416088956002471,
      "pred_rate": 0.046949001304138926
    },
    "Security: societal": {
      "gold": 1151.0,
      "pred": 1968.0,
      "gold_rate": 0.07900336330564899,
      "pred_rate": 0.1350813370855927
    },
    "Tradition": {
      "gold": 196.0,
      "pred": 225.0,
      "gold_rate": 0.01345322259592285,
      "pred_rate": 0.015443750428993068
    },
    "Conformity: rules": {
      "gold": 911.0,
      "pred": 2457.0,
      "gold_rate": 0.06253002951472304,
      "pred_rate": 0.1686457546846043
    },
    "Conformity: interpersonal": {
      "gold": 195.0,
      "pred": 70.0,
      "gold_rate": 0.013384583705127325,
      "pred_rate": 0.004804722355686732
    },
    "Humility": {
      "gold": 30.0,
      "pred": 0.0,
      "gold_rate": 0.0020591667238657424,
      "pred_rate": 0.0
    },
    "Benevolence: caring": {
      "gold": 324.0,
      "pred": 489.0,
      "gold_rate": 0.022239000617750016,
      "pred_rate": 0.0335644175990116
    },
    "Benevolence: dependability": {
      "gold": 288.0,
      "pred": 257.0,
      "gold_rate": 0.019768000549111125,
      "pred_rate": 0.01764019493444986
    },
    "Universalism: concern": {
      "gold": 735.0,
      "pred": 1472.0,
      "gold_rate": 0.05044958473471069,
      "pred_rate": 0.10103644725101242
    },
    "Universalism: nature": {
      "gold": 293.0,
      "pred": 562.0,
      "gold_rate": 0.02011119500308875,
      "pred_rate": 0.03857505662708491
    },
    "Universalism: tolerance": {
      "gold": 171.0,
      "pred": 205.0,
      "gold_rate": 0.011737250326034732,
      "pred_rate": 0.014070972613082572
    }
  },
  "meta": {
    "model_name": "microsoft/deberta-v3-large",
    "context_type": "sentence",
    "rag_mode": "early",
    "use_rag": true,
    "top_k": 2,
    "seed": 1701,
    "split": "test"
  }
}
