{
  "micro_f1": 0.334824624194703,
  "macro_f1": 0.27838161973173464,
  "per_label_f1": {
    "Self-direction: thought": 0.10880829015544041,
    "Self-direction: action": 0.14923747276688454,
    "Stimulation": 0.23885109599395316,
    "Hedonism": 0.25824175824175827,
    "Achievement": 0.35910742086144265,
    "Power: dominance": 0.3251942286348502,
    "Power: resources": 0.4027339642481598,
    "Face": 0.16926503340757237,
    "Security: personal": 0.3380281690140845,
    "Security: societal": 0.4301282051282051,
    "Tradition": 0.4061895551257253,
    "Conformity: rules": 0.406807804068078,
    "Conformity: interpersonal": 0.061855670103092786,
    "Humility": 0.0,
    "Benevolence: caring": 0.25523429710867396,
    "Benevolence: dependability": 0.2356687898089172,
    "Universalism: concern": 0.40434997528423133,
    "Universalism: nature": 0.5357575757575758,
    "Universalism: tolerance": 0.20379146919431276
  },
  "per_label_support": {
    "Self-direction: thought": {
      "gold": 171.0,
      "pred": 215.0,
      "gold_rate": 0.011737250326034732,
      "pred_rate": 0.01475736152103782
    },
    "Self-direction: action": {
      "gold": 512.0,
      "pred": 1324.0,
      "gold_rate": 0.03514311208730867,
      "pred_rate": 0.09087789141327476
    },
    "Stimulation": {
      "gold": 371.0,
      "pred": 952.0,
      "gold_rate": 0.02546502848513968,
      "pred_rate": 0.06534422403733955
    },
    "Hedonism": {
      "gold": 125.0,
      "pred": 239.0,
      "gold_rate": 0.008579861349440594,
      "pred_rate": 0.016404694900130416
    },
    "Achievement": {
      "gold": 911.0,
      "pred": 1016.0,
      "gold_rate": 0.06253002951472304,
      "pred_rate": 0.06973711304825314
    },
    "Power: dominance": {
      "gold": 631.0,
      "pred": 1171.0,
      "gold_rate": 0.04331114009197611,
      "pred_rate": 0.08037614112155947
    },
    "Power: resources": {
      "gold": 805.0,
      "pred": 1097.0,
      "gold_rate": 0.05525430709039742,
      "pred_rate": 0.07529686320269065
    },
    "Face": {
      "gold": 267.0,
      "pred": 182.0,
      "gold_rate": 0.018326583842405108,
      "pred_rate": 0.012492278124785504
    },
    "Security: personal": {
      "gold": 352.0,
      "pred": 429.0,
      "gold_rate": 0.02416088956002471,
      "pred_rate": 0.029446084151280114
    },
    "Security: societal": {
      "gold": 1151.0,
      "pred": 1969.0,
      "gold_rate": 0.07900336330564899,
      "pred_rate": 0.13514997597638823
    },
    "Tradition": {
      "gold": 196.0,
      "pred": 321.0,
      "gold_rate": 0.01345322259592285,
      "pred_rate": 0.022033083945363442
    },
    "Conformity: rules": {
      "gold": 911.0,
      "pred": 1498.0,
      "gold_rate": 0.06253002951472304,
      "pred_rate": 0.10282105841169607
    },
    "Conformity: interpersonal": {
      "gold": 195.0,
      "pred": 96.0,
      "gold_rate": 0.013384583705127325,
      "pred_rate": 0.0065893335163703754
    },
    "Humility": {
      "gold": 30.0,
      "pred": 0.0,
      "gold_rate": 0.0020591667238657424,
      "pred_rate": 0.0
    },
    "Benevolence: caring": {
      "gold": 324.0,
      "pred": 679.0,
      "gold_rate": 0.022239000617750016,
      "pred_rate": 0.0466058068501613
    },
    "Benevolence: dependability": {
      "gold": 288.0,
      "pred": 654.0,
      "gold_rate": 0.019768000549111125,
      "pred_rate": 0.04488983458027318
    },
    "Universalism: concern": {
      "gold": 735.0,
      "pred": 1288.0,
      "gold_rate": 0.05044958473471069,
      "pred_rate": 0.08840689134463588
    },
    "Universalism: nature": {
      "gold": 293.0,
      "pred": 532.0,
      "gold_rate": 0.02011119500308875,
      "pred_rate": 0.03651588990321916
    },
    "Universalism: tolerance": {
      "gold": 171.0,
      "pred": 251.0,
      "gold_rate": 0.011737250326034732,
      "pred_rate": 0.01722836158967671
    }
  },
  "meta": {
    "model_name": "microsoft/deberta-v3-large",
    "context_type": "doc",
    "rag_mode": "none",
    "use_rag": false,
    "top_k": 2,
    "seed": 7,
    "split": "test"
  }
}
