{
  "micro_f1": 0.27984044185332924,
  "macro_f1": 0.20227934279984608,
  "per_label_f1": {
    "Self-direction: thought": 0.0,
    "Self-direction: action": 0.03503649635036496,
    "Stimulation": 0.15700483091787437,
    "Hedonism": 0.0967741935483871,
    "Achievement": 0.2841800908715407,
    "Power: dominance": 0.2651861528412802,
    "Power: resources": 0.3590274185204346,
    "Face": 0.1669626998223801,
    "Security: personal": 0.22247972190034762,
    "Security: societal": 0.33879781420765026,
    "Tradition": 0.32463768115942027,
    "Conformity: rules": 0.341400172860847,
    "Conformity: interpersonal": 0.023076923076923078,
    "Humility": 0.0,
    "Benevolence: caring": 0.16560509554140126,
    "Benevolence: dependability": 0.0801781737193764,
    "Universalism: concern": 0.3504442250740375,
    "Universalism: nature": 0.5012658227848101,
    "Universalism: tolerance": 0.13125
  },
  "per_label_support": {
    "Self-direction: thought": {
      "gold": 171.0,
      "pred": 2.0,
      "gold_rate": 0.011737250326034732,
      "pred_rate": 0.0001372777815910495
    },
    "Self-direction: action": {
      "gold": 512.0,
      "pred": 173.0,
      "gold_rate": 0.03514311208730867,
      "pred_rate": 0.01187452810762578
    },
    "Stimulation": {
      "gold": 371.0,
      "pred": 457.0,
      "gold_rate": 0.02546502848513968,
      "pred_rate": 0.03136797309355481
    },
    "Hedonism": {
      "gold": 125.0,
      "pred": 185.0,
      "gold_rate": 0.008579861349440594,
      "pred_rate": 0.012698194797172078
    },
    "Achievement": {
      "gold": 911.0,
      "pred": 1510.0,
      "gold_rate": 0.06253002951472304,
      "pred_rate": 0.10364472510124237
    },
    "Power: dominance": {
      "gold": 631.0,
      "pred": 900.0,
      "gold_rate": 0.04331114009197611,
      "pred_rate": 0.06177500171597227
    },
    "Power: resources": {
      "gold": 805.0,
      "pred": 1128.0,
      "gold_rate": 0.05525430709039742,
      "pred_rate": 0.07742466881735191
    },
    "Face": {
      "gold": 267.0,
      "pred": 296.0,
      "gold_rate": 0.018326583842405108,
      "pred_rate": 0.020317111675475324
    },
    "Security: personal": {
      "gold": 352.0,
      "pred": 511.0,
      "gold_rate": 0.02416088956002471,
      "pred_rate": 0.03507447319651314
    },
    "Security: societal": {
      "gold": 1151.0,
      "pred": 1777.0,
      "gold_rate": 0.07900336330564899,
      "pred_rate": 0.12197130894364747
    },
    "Tradition": {
      "gold": 196.0,
      "pred": 149.0,
      "gold_rate": 0.01345322259592285,
      "pred_rate": 0.010227194728533187
    },
    "Conformity: rules": {
      "gold": 911.0,
      "pred": 1403.0,
      "gold_rate": 0.06253002951472304,
      "pred_rate": 0.09630036378612121
    },
    "Conformity: interpersonal": {
      "gold": 195.0,
      "pred": 65.0,
      "gold_rate": 0.013384583705127325,
      "pred_rate": 0.004461527901709108
    },
    "Humility": {
      "gold": 30.0,
      "pred": 0.0,
      "gold_rate": 0.0020591667238657424,
      "pred_rate": 0.0
    },
    "Benevolence: caring": {
      "gold": 324.0,
      "pred": 461.0,
      "gold_rate": 0.022239000617750016,
      "pred_rate": 0.031642528656736904
    },
    "Benevolence: dependability": {
      "gold": 288.0,
      "pred": 161.0,
      "gold_rate": 0.019768000549111125,
      "pred_rate": 0.011050861418079485
    },
    "Universalism: concern": {
      "gold": 735.0,
      "pred": 1291.0,
      "gold_rate": 0.05044958473471069,
      "pred_rate": 0.08861280801702244
    },
    "Universalism: nature": {
      "gold": 293.0,
      "pred": 497.0,
      "gold_rate": 0.02011119500308875,
      "pred_rate": 0.0341135287253758
    },
    "Universalism: tolerance": {
      "gold": 171.0,
      "pred": 149.0,
      "gold_rate": 0.011737250326034732,
      "pred_rate": 0.010227194728533187
    }
  },
  "meta": {
    "model_name": "microsoft/deberta-v3-large",
    "context_type": "window",
    "rag_mode": "none",
    "use_rag": false,
    "top_k": 2,
    "seed": 42,
    "split": "test"
  }
}
