{
  "micro_f1": 0.3465432455886606,
  "macro_f1": 0.2748420157268201,
  "per_label_f1": {
    "Self-direction: thought": 0.041237113402061855,
    "Self-direction: action": 0.16576964477933262,
    "Stimulation": 0.25177664974619285,
    "Hedonism": 0.22545454545454544,
    "Achievement": 0.35154639175257735,
    "Power: dominance": 0.32214060860440713,
    "Power: resources": 0.4016666666666666,
    "Face": 0.17758985200845667,
    "Security: personal": 0.32341526520051744,
    "Security: societal": 0.41368867353119315,
    "Tradition": 0.4212860310421286,
    "Conformity: rules": 0.42429354702657107,
    "Conformity: interpersonal": 0.08092485549132948,
    "Humility": 0.0,
    "Benevolence: caring": 0.2202970297029703,
    "Benevolence: dependability": 0.21746880570409982,
    "Universalism: concern": 0.4112676056338028,
    "Universalism: nature": 0.5329593267882188,
    "Universalism: tolerance": 0.23921568627450981
  },
  "per_label_support": {
    "Self-direction: thought": {
      "gold": 171.0,
      "pred": 23.0,
      "gold_rate": 0.011737250326034732,
      "pred_rate": 0.001578694488297069
    },
    "Self-direction: action": {
      "gold": 512.0,
      "pred": 417.0,
      "gold_rate": 0.03514311208730867,
      "pred_rate": 0.02862241746173382
    },
    "Stimulation": {
      "gold": 371.0,
      "pred": 614.0,
      "gold_rate": 0.02546502848513968,
      "pred_rate": 0.04214427894845219
    },
    "Hedonism": {
      "gold": 125.0,
      "pred": 150.0,
      "gold_rate": 0.008579861349440594,
      "pred_rate": 0.010295833619328712
    },
    "Achievement": {
      "gold": 911.0,
      "pred": 1029.0,
      "gold_rate": 0.06253002951472304,
      "pred_rate": 0.07062941862859497
    },
    "Power: dominance": {
      "gold": 631.0,
      "pred": 1275.0,
      "gold_rate": 0.04331114009197611,
      "pred_rate": 0.08751458576429405
    },
    "Power: resources": {
      "gold": 805.0,
      "pred": 1595.0,
      "gold_rate": 0.05525430709039742,
      "pred_rate": 0.10947903081886197
    },
    "Face": {
      "gold": 267.0,
      "pred": 206.0,
      "gold_rate": 0.018326583842405108,
      "pred_rate": 0.014139611503878097
    },
    "Security: personal": {
      "gold": 352.0,
      "pred": 421.0,
      "gold_rate": 0.02416088956002471,
      "pred_rate": 0.028896973024915916
    },
    "Security: societal": {
      "gold": 1151.0,
      "pred": 2151.0,
      "gold_rate": 0.07900336330564899,
      "pred_rate": 0.14764225410117374
    },
    "Tradition": {
      "gold": 196.0,
      "pred": 255.0,
      "gold_rate": 0.01345322259592285,
      "pred_rate": 0.01750291715285881
    },
    "Conformity: rules": {
      "gold": 911.0,
      "pred": 1460.0,
      "gold_rate": 0.06253002951472304,
      "pred_rate": 0.10021278056146612
    },
    "Conformity: interpersonal": {
      "gold": 195.0,
      "pred": 151.0,
      "gold_rate": 0.013384583705127325,
      "pred_rate": 0.010364472510124236
    },
    "Humility": {
      "gold": 30.0,
      "pred": 0.0,
      "gold_rate": 0.0020591667238657424,
      "pred_rate": 0.0
    },
    "Benevolence: caring": {
      "gold": 324.0,
      "pred": 484.0,
      "gold_rate": 0.022239000617750016,
      "pred_rate": 0.03322122314503398
    },
    "Benevolence: dependability": {
      "gold": 288.0,
      "pred": 273.0,
      "gold_rate": 0.019768000549111125,
      "pred_rate": 0.018738417187178256
    },
    "Universalism: concern": {
      "gold": 735.0,
      "pred": 1040.0,
      "gold_rate": 0.05044958473471069,
      "pred_rate": 0.07138444642734573
    },
    "Universalism: nature": {
      "gold": 293.0,
      "pred": 420.0,
      "gold_rate": 0.02011119500308875,
      "pred_rate": 0.028828334134120392
    },
    "Universalism: tolerance": {
      "gold": 171.0,
      "pred": 339.0,
      "gold_rate": 0.011737250326034732,
      "pred_rate": 0.02326858397968289
    }
  }
}
