{
  "micro_f1": 0.3358235869957236,
  "macro_f1": 0.27905762377521526,
  "per_label_f1": {
    "Self-direction: thought": 0.041025641025641026,
    "Self-direction: action": 0.17079530638852672,
    "Stimulation": 0.22817229336437717,
    "Hedonism": 0.20657276995305163,
    "Achievement": 0.3592689295039164,
    "Power: dominance": 0.30154849225753877,
    "Power: resources": 0.37707948243992606,
    "Face": 0.2205882352941176,
    "Security: personal": 0.2763385146804836,
    "Security: societal": 0.43986998916576386,
    "Tradition": 0.40694789081885857,
    "Conformity: rules": 0.41980624327233584,
    "Conformity: interpersonal": 0.11134903640256959,
    "Humility": 0.0,
    "Benevolence: caring": 0.23596792668957617,
    "Benevolence: dependability": 0.275092936802974,
    "Universalism: concern": 0.416043507817811,
    "Universalism: nature": 0.5542168674698795,
    "Universalism: tolerance": 0.2614107883817427
  },
  "per_label_support": {
    "Self-direction: thought": {
      "gold": 171.0,
      "pred": 24.0,
      "gold_rate": 0.011737250326034732,
      "pred_rate": 0.0016473333790925939
    },
    "Self-direction: action": {
      "gold": 512.0,
      "pred": 1022.0,
      "gold_rate": 0.03514311208730867,
      "pred_rate": 0.07014894639302628
    },
    "Stimulation": {
      "gold": 371.0,
      "pred": 488.0,
      "gold_rate": 0.02546502848513968,
      "pred_rate": 0.03349577870821607
    },
    "Hedonism": {
      "gold": 125.0,
      "pred": 88.0,
      "gold_rate": 0.008579861349440594,
      "pred_rate": 0.006040222390006177
    },
    "Achievement": {
      "gold": 911.0,
      "pred": 1004.0,
      "gold_rate": 0.06253002951472304,
      "pred_rate": 0.06891344635870685
    },
    "Power: dominance": {
      "gold": 631.0,
      "pred": 596.0,
      "gold_rate": 0.04331114009197611,
      "pred_rate": 0.04090877891413275
    },
    "Power: resources": {
      "gold": 805.0,
      "pred": 1359.0,
      "gold_rate": 0.05525430709039742,
      "pred_rate": 0.09328025259111812
    },
    "Face": {
      "gold": 267.0,
      "pred": 549.0,
      "gold_rate": 0.018326583842405108,
      "pred_rate": 0.03768275104674308
    },
    "Security: personal": {
      "gold": 352.0,
      "pred": 227.0,
      "gold_rate": 0.02416088956002471,
      "pred_rate": 0.015581028210584116
    },
    "Security: societal": {
      "gold": 1151.0,
      "pred": 1618.0,
      "gold_rate": 0.07900336330564899,
      "pred_rate": 0.11105772530715903
    },
    "Tradition": {
      "gold": 196.0,
      "pred": 207.0,
      "gold_rate": 0.01345322259592285,
      "pred_rate": 0.014208250394673622
    },
    "Conformity: rules": {
      "gold": 911.0,
      "pred": 947.0,
      "gold_rate": 0.06253002951472304,
      "pred_rate": 0.06500102958336193
    },
    "Conformity: interpersonal": {
      "gold": 195.0,
      "pred": 272.0,
      "gold_rate": 0.013384583705127325,
      "pred_rate": 0.01866977829638273
    },
    "Humility": {
      "gold": 30.0,
      "pred": 0.0,
      "gold_rate": 0.0020591667238657424,
      "pred_rate": 0.0
    },
    "Benevolence: caring": {
      "gold": 324.0,
      "pred": 549.0,
      "gold_rate": 0.022239000617750016,
      "pred_rate": 0.03768275104674308
    },
    "Benevolence: dependability": {
      "gold": 288.0,
      "pred": 519.0,
      "gold_rate": 0.019768000549111125,
      "pred_rate": 0.03562358432287734
    },
    "Universalism: concern": {
      "gold": 735.0,
      "pred": 736.0,
      "gold_rate": 0.05044958473471069,
      "pred_rate": 0.05051822362550621
    },
    "Universalism: nature": {
      "gold": 293.0,
      "pred": 454.0,
      "gold_rate": 0.02011119500308875,
      "pred_rate": 0.031162056421168233
    },
    "Universalism: tolerance": {
      "gold": 171.0,
      "pred": 311.0,
      "gold_rate": 0.011737250326034732,
      "pred_rate": 0.021346695037408197
    }
  }
}
