{
  "micro_f1": 0.3070461969202053,
  "macro_f1": 0.24856753481651922,
  "per_label_f1": {
    "Self-direction: thought": 0.03378378378378378,
    "Self-direction: action": 0.1574074074074074,
    "Stimulation": 0.18116805721096543,
    "Hedonism": 0.12781954887218044,
    "Achievement": 0.34950541686292985,
    "Power: dominance": 0.3081481481481481,
    "Power: resources": 0.3679185232336092,
    "Face": 0.17850637522768673,
    "Security: personal": 0.31091180866965623,
    "Security: societal": 0.3382352941176471,
    "Tradition": 0.34920634920634924,
    "Conformity: rules": 0.3954104148278906,
    "Conformity: interpersonal": 0.09821428571428573,
    "Humility": 0.0,
    "Benevolence: caring": 0.18985695708712613,
    "Benevolence: dependability": 0.25109489051094896,
    "Universalism: concern": 0.37954405422057913,
    "Universalism: nature": 0.49446494464944657,
    "Universalism: tolerance": 0.21158690176322417
  },
  "per_label_support": {
    "Self-direction: thought": {
      "gold": 171.0,
      "pred": 125.0,
      "gold_rate": 0.011737250326034732,
      "pred_rate": 0.008579861349440594
    },
    "Self-direction: action": {
      "gold": 512.0,
      "pred": 784.0,
      "gold_rate": 0.03514311208730867,
      "pred_rate": 0.0538128903836914
    },
    "Stimulation": {
      "gold": 371.0,
      "pred": 468.0,
      "gold_rate": 0.02546502848513968,
      "pred_rate": 0.03212300089230558
    },
    "Hedonism": {
      "gold": 125.0,
      "pred": 141.0,
      "gold_rate": 0.008579861349440594,
      "pred_rate": 0.009678083602168989
    },
    "Achievement": {
      "gold": 911.0,
      "pred": 1212.0,
      "gold_rate": 0.06253002951472304,
      "pred_rate": 0.083190335644176
    },
    "Power: dominance": {
      "gold": 631.0,
      "pred": 719.0,
      "gold_rate": 0.04331114009197611,
      "pred_rate": 0.04935136248198229
    },
    "Power: resources": {
      "gold": 805.0,
      "pred": 766.0,
      "gold_rate": 0.05525430709039742,
      "pred_rate": 0.05257739034937196
    },
    "Face": {
      "gold": 267.0,
      "pred": 282.0,
      "gold_rate": 0.018326583842405108,
      "pred_rate": 0.019356167204337978
    },
    "Security: personal": {
      "gold": 352.0,
      "pred": 317.0,
      "gold_rate": 0.02416088956002471,
      "pred_rate": 0.021758528382181345
    },
    "Security: societal": {
      "gold": 1151.0,
      "pred": 1705.0,
      "gold_rate": 0.07900336330564899,
      "pred_rate": 0.11702930880636969
    },
    "Tradition": {
      "gold": 196.0,
      "pred": 245.0,
      "gold_rate": 0.01345322259592285,
      "pred_rate": 0.016816528244903563
    },
    "Conformity: rules": {
      "gold": 911.0,
      "pred": 1355.0,
      "gold_rate": 0.06253002951472304,
      "pred_rate": 0.09300569702793603
    },
    "Conformity: interpersonal": {
      "gold": 195.0,
      "pred": 253.0,
      "gold_rate": 0.013384583705127325,
      "pred_rate": 0.017365639371267762
    },
    "Humility": {
      "gold": 30.0,
      "pred": 0.0,
      "gold_rate": 0.0020591667238657424,
      "pred_rate": 0.0
    },
    "Benevolence: caring": {
      "gold": 324.0,
      "pred": 445.0,
      "gold_rate": 0.022239000617750016,
      "pred_rate": 0.03054430640400851
    },
    "Benevolence: dependability": {
      "gold": 288.0,
      "pred": 397.0,
      "gold_rate": 0.019768000549111125,
      "pred_rate": 0.027249639645823324
    },
    "Universalism: concern": {
      "gold": 735.0,
      "pred": 888.0,
      "gold_rate": 0.05044958473471069,
      "pred_rate": 0.060951335026425975
    },
    "Universalism: nature": {
      "gold": 293.0,
      "pred": 520.0,
      "gold_rate": 0.02011119500308875,
      "pred_rate": 0.035692223213672866
    },
    "Universalism: tolerance": {
      "gold": 171.0,
      "pred": 226.0,
      "gold_rate": 0.011737250326034732,
      "pred_rate": 0.015512389319788593
    }
  },
  "meta": {
    "model_name": "microsoft/deberta-v3-large",
    "context_type": "window",
    "rag_mode": "early",
    "use_rag": true,
    "top_k": 2,
    "seed": 42,
    "split": "test"
  }
}
