{
  "micro_f1": 0.3804720597135364,
  "macro_f1": 0.31314984893235637,
  "per_label_f1": {
    "Self-direction: thought": 0.0418848167539267,
    "Self-direction: action": 0.215962441314554,
    "Stimulation": 0.3066485753052917,
    "Hedonism": 0.3076923076923077,
    "Achievement": 0.39892183288409705,
    "Power: dominance": 0.3572593800978793,
    "Power: resources": 0.42960489705064,
    "Face": 0.21645021645021645,
    "Security: personal": 0.3725490196078431,
    "Security: societal": 0.46544240400667775,
    "Tradition": 0.4095860566448802,
    "Conformity: rules": 0.4581066376496191,
    "Conformity: interpersonal": 0.14285714285714282,
    "Humility": 0.0,
    "Benevolence: caring": 0.3011363636363636,
    "Benevolence: dependability": 0.26771653543307083,
    "Universalism: concern": 0.42095238095238097,
    "Universalism: nature": 0.5974754558204769,
    "Universalism: tolerance": 0.23960066555740434
  },
  "per_label_support": {
    "Self-direction: thought": {
      "gold": 171.0,
      "pred": 20.0,
      "gold_rate": 0.011737250326034732,
      "pred_rate": 0.001372777815910495
    },
    "Self-direction: action": {
      "gold": 512.0,
      "pred": 766.0,
      "gold_rate": 0.03514311208730867,
      "pred_rate": 0.05257739034937196
    },
    "Stimulation": {
      "gold": 371.0,
      "pred": 366.0,
      "gold_rate": 0.02546502848513968,
      "pred_rate": 0.025121834031162055
    },
    "Hedonism": {
      "gold": 125.0,
      "pred": 161.0,
      "gold_rate": 0.008579861349440594,
      "pred_rate": 0.011050861418079485
    },
    "Achievement": {
      "gold": 911.0,
      "pred": 1315.0,
      "gold_rate": 0.06253002951472304,
      "pred_rate": 0.09026014139611505
    },
    "Power: dominance": {
      "gold": 631.0,
      "pred": 595.0,
      "gold_rate": 0.04331114009197611,
      "pred_rate": 0.040840140023337225
    },
    "Power: resources": {
      "gold": 805.0,
      "pred": 992.0,
      "gold_rate": 0.05525430709039742,
      "pred_rate": 0.06808977966916055
    },
    "Face": {
      "gold": 267.0,
      "pred": 195.0,
      "gold_rate": 0.018326583842405108,
      "pred_rate": 0.013384583705127325
    },
    "Security: personal": {
      "gold": 352.0,
      "pred": 566.0,
      "gold_rate": 0.02416088956002471,
      "pred_rate": 0.038849612190267
    },
    "Security: societal": {
      "gold": 1151.0,
      "pred": 1844.0,
      "gold_rate": 0.07900336330564899,
      "pred_rate": 0.12657011462694762
    },
    "Tradition": {
      "gold": 196.0,
      "pred": 263.0,
      "gold_rate": 0.01345322259592285,
      "pred_rate": 0.018052028279223007
    },
    "Conformity: rules": {
      "gold": 911.0,
      "pred": 927.0,
      "gold_rate": 0.06253002951472304,
      "pred_rate": 0.06362825176745143
    },
    "Conformity: interpersonal": {
      "gold": 195.0,
      "pred": 85.0,
      "gold_rate": 0.013384583705127325,
      "pred_rate": 0.005834305717619603
    },
    "Humility": {
      "gold": 30.0,
      "pred": 0.0,
      "gold_rate": 0.0020591667238657424,
      "pred_rate": 0.0
    },
    "Benevolence: caring": {
      "gold": 324.0,
      "pred": 732.0,
      "gold_rate": 0.022239000617750016,
      "pred_rate": 0.05024366806232411
    },
    "Benevolence: dependability": {
      "gold": 288.0,
      "pred": 347.0,
      "gold_rate": 0.019768000549111125,
      "pred_rate": 0.023817695106047088
    },
    "Universalism: concern": {
      "gold": 735.0,
      "pred": 1365.0,
      "gold_rate": 0.05044958473471069,
      "pred_rate": 0.09369208593589128
    },
    "Universalism: nature": {
      "gold": 293.0,
      "pred": 420.0,
      "gold_rate": 0.02011119500308875,
      "pred_rate": 0.028828334134120392
    },
    "Universalism: tolerance": {
      "gold": 171.0,
      "pred": 430.0,
      "gold_rate": 0.011737250326034732,
      "pred_rate": 0.02951472304207564
    }
  }
}
