{
  "micro_f1": 0.28761804826862536,
  "macro_f1": 0.2224126400328249,
  "per_label_f1": {
    "Self-direction: thought": 0.0,
    "Self-direction: action": 0.11398963730569947,
    "Stimulation": 0.18947368421052627,
    "Hedonism": 0.10658307210031348,
    "Achievement": 0.3117835855112334,
    "Power: dominance": 0.28590878148400267,
    "Power: resources": 0.3823529411764706,
    "Face": 0.1523046092184369,
    "Security: personal": 0.26458036984352773,
    "Security: societal": 0.33980582524271846,
    "Tradition": 0.3464912280701754,
    "Conformity: rules": 0.351219512195122,
    "Conformity: interpersonal": 0.0299625468164794,
    "Humility": 0.0,
    "Benevolence: caring": 0.1842105263157895,
    "Benevolence: dependability": 0.16666666666666669,
    "Universalism: concern": 0.33207190160832545,
    "Universalism: nature": 0.5274431057563588,
    "Universalism: tolerance": 0.1409921671018277
  },
  "per_label_support": {
    "Self-direction: thought": {
      "gold": 171.0,
      "pred": 6.0,
      "gold_rate": 0.011737250326034732,
      "pred_rate": 0.00041183334477314847
    },
    "Self-direction: action": {
      "gold": 512.0,
      "pred": 453.0,
      "gold_rate": 0.03514311208730867,
      "pred_rate": 0.03109341753037271
    },
    "Stimulation": {
      "gold": 371.0,
      "pred": 674.0,
      "gold_rate": 0.02546502848513968,
      "pred_rate": 0.04626261239618368
    },
    "Hedonism": {
      "gold": 125.0,
      "pred": 194.0,
      "gold_rate": 0.008579861349440594,
      "pred_rate": 0.0133159448143318
    },
    "Achievement": {
      "gold": 911.0,
      "pred": 1270.0,
      "gold_rate": 0.06253002951472304,
      "pred_rate": 0.08717139131031643
    },
    "Power: dominance": {
      "gold": 631.0,
      "pred": 838.0,
      "gold_rate": 0.04331114009197611,
      "pred_rate": 0.05751939048664974
    },
    "Power: resources": {
      "gold": 805.0,
      "pred": 1031.0,
      "gold_rate": 0.05525430709039742,
      "pred_rate": 0.07076669641018601
    },
    "Face": {
      "gold": 267.0,
      "pred": 232.0,
      "gold_rate": 0.018326583842405108,
      "pred_rate": 0.01592422266456174
    },
    "Security: personal": {
      "gold": 352.0,
      "pred": 351.0,
      "gold_rate": 0.02416088956002471,
      "pred_rate": 0.024092250669229185
    },
    "Security: societal": {
      "gold": 1151.0,
      "pred": 1321.0,
      "gold_rate": 0.07900336330564899,
      "pred_rate": 0.09067197474088819
    },
    "Tradition": {
      "gold": 196.0,
      "pred": 260.0,
      "gold_rate": 0.01345322259592285,
      "pred_rate": 0.017846111606836433
    },
    "Conformity: rules": {
      "gold": 911.0,
      "pred": 934.0,
      "gold_rate": 0.06253002951472304,
      "pred_rate": 0.06410872400302012
    },
    "Conformity: interpersonal": {
      "gold": 195.0,
      "pred": 72.0,
      "gold_rate": 0.013384583705127325,
      "pred_rate": 0.004942000137277781
    },
    "Humility": {
      "gold": 30.0,
      "pred": 0.0,
      "gold_rate": 0.0020591667238657424,
      "pred_rate": 0.0
    },
    "Benevolence: caring": {
      "gold": 324.0,
      "pred": 436.0,
      "gold_rate": 0.022239000617750016,
      "pred_rate": 0.02992655638684879
    },
    "Benevolence: dependability": {
      "gold": 288.0,
      "pred": 504.0,
      "gold_rate": 0.019768000549111125,
      "pred_rate": 0.03459400096094447
    },
    "Universalism: concern": {
      "gold": 735.0,
      "pred": 1379.0,
      "gold_rate": 0.05044958473471069,
      "pred_rate": 0.09465303040702862
    },
    "Universalism: nature": {
      "gold": 293.0,
      "pred": 454.0,
      "gold_rate": 0.02011119500308875,
      "pred_rate": 0.031162056421168233
    },
    "Universalism: tolerance": {
      "gold": 171.0,
      "pred": 212.0,
      "gold_rate": 0.011737250326034732,
      "pred_rate": 0.014551444848651245
    }
  },
  "meta": {
    "model_name": "microsoft/deberta-v3-large",
    "context_type": "window",
    "rag_mode": "early",
    "use_rag": true,
    "top_k": 2,
    "seed": 1701,
    "split": "test"
  }
}
