{
  "micro_f1": 0.34631116497500375,
  "macro_f1": 0.2826600751062714,
  "per_label_f1": {
    "Self-direction: thought": 0.07287449392712551,
    "Self-direction: action": 0.17183348095659876,
    "Stimulation": 0.26411290322580644,
    "Hedonism": 0.20560747663551404,
    "Achievement": 0.38858116744780574,
    "Power: dominance": 0.32932330827067674,
    "Power: resources": 0.4100761570005858,
    "Face": 0.1888111888111888,
    "Security: personal": 0.2959794696321642,
    "Security: societal": 0.43737414418042686,
    "Tradition": 0.39506172839506176,
    "Conformity: rules": 0.4184938036224976,
    "Conformity: interpersonal": 0.11801242236024845,
    "Humility": 0.0,
    "Benevolence: caring": 0.2407960199004975,
    "Benevolence: dependability": 0.22916666666666666,
    "Universalism: concern": 0.40196560196560194,
    "Universalism: nature": 0.5946791862284819,
    "Universalism: tolerance": 0.20779220779220778
  },
  "per_label_support": {
    "Self-direction: thought": {
      "gold": 171.0,
      "pred": 76.0,
      "gold_rate": 0.011737250326034732,
      "pred_rate": 0.0052165557004598805
    },
    "Self-direction: action": {
      "gold": 512.0,
      "pred": 617.0,
      "gold_rate": 0.03514311208730867,
      "pred_rate": 0.04235019562083877
    },
    "Stimulation": {
      "gold": 371.0,
      "pred": 621.0,
      "gold_rate": 0.02546502848513968,
      "pred_rate": 0.04262475118402086
    },
    "Hedonism": {
      "gold": 125.0,
      "pred": 303.0,
      "gold_rate": 0.008579861349440594,
      "pred_rate": 0.020797583911044
    },
    "Achievement": {
      "gold": 911.0,
      "pred": 1436.0,
      "gold_rate": 0.06253002951472304,
      "pred_rate": 0.09856544718237353
    },
    "Power: dominance": {
      "gold": 631.0,
      "pred": 699.0,
      "gold_rate": 0.04331114009197611,
      "pred_rate": 0.0479785846660718
    },
    "Power: resources": {
      "gold": 805.0,
      "pred": 902.0,
      "gold_rate": 0.05525430709039742,
      "pred_rate": 0.06191227949756332
    },
    "Face": {
      "gold": 267.0,
      "pred": 305.0,
      "gold_rate": 0.018326583842405108,
      "pred_rate": 0.020934861692635046
    },
    "Security: personal": {
      "gold": 352.0,
      "pred": 817.0,
      "gold_rate": 0.02416088956002471,
      "pred_rate": 0.05607797377994372
    },
    "Security: societal": {
      "gold": 1151.0,
      "pred": 1332.0,
      "gold_rate": 0.07900336330564899,
      "pred_rate": 0.09142700253963897
    },
    "Tradition": {
      "gold": 196.0,
      "pred": 209.0,
      "gold_rate": 0.01345322259592285,
      "pred_rate": 0.014345528176264671
    },
    "Conformity: rules": {
      "gold": 911.0,
      "pred": 1187.0,
      "gold_rate": 0.06253002951472304,
      "pred_rate": 0.08147436337428787
    },
    "Conformity: interpersonal": {
      "gold": 195.0,
      "pred": 127.0,
      "gold_rate": 0.013384583705127325,
      "pred_rate": 0.008717139131031643
    },
    "Humility": {
      "gold": 30.0,
      "pred": 0.0,
      "gold_rate": 0.0020591667238657424,
      "pred_rate": 0.0
    },
    "Benevolence: caring": {
      "gold": 324.0,
      "pred": 681.0,
      "gold_rate": 0.022239000617750016,
      "pred_rate": 0.04674308463175235
    },
    "Benevolence: dependability": {
      "gold": 288.0,
      "pred": 192.0,
      "gold_rate": 0.019768000549111125,
      "pred_rate": 0.013178667032740751
    },
    "Universalism: concern": {
      "gold": 735.0,
      "pred": 1300.0,
      "gold_rate": 0.05044958473471069,
      "pred_rate": 0.08923055803418217
    },
    "Universalism: nature": {
      "gold": 293.0,
      "pred": 346.0,
      "gold_rate": 0.02011119500308875,
      "pred_rate": 0.02374905621525156
    },
    "Universalism: tolerance": {
      "gold": 171.0,
      "pred": 214.0,
      "gold_rate": 0.011737250326034732,
      "pred_rate": 0.014688722630242295
    }
  },
  "meta": {
    "model_name": "microsoft/deberta-v3-large",
    "context_type": "doc",
    "rag_mode": "none",
    "use_rag": false,
    "top_k": 2,
    "seed": 1701,
    "split": "test"
  }
}
