{
  "micro_f1": 0.29265235782547394,
  "macro_f1": 0.19300242982703328,
  "per_label_f1": {
    "Self-direction: thought": 0.0,
    "Self-direction: action": 0.0,
    "Stimulation": 0.18503937007874016,
    "Hedonism": 0.08695652173913043,
    "Achievement": 0.301699716713881,
    "Power: dominance": 0.2515337423312884,
    "Power: resources": 0.35525423728813565,
    "Face": 0.0,
    "Security: personal": 0.25440313111545987,
    "Security: societal": 0.3789042498719919,
    "Tradition": 0.34,
    "Conformity: rules": 0.40349854227405246,
    "Conformity: interpersonal": 0.0,
    "Humility": 0.0,
    "Benevolence: caring": 0.15238095238095237,
    "Benevolence: dependability": 0.0136986301369863,
    "Universalism: concern": 0.3384094754653131,
    "Universalism: nature": 0.5610687022900763,
    "Universalism: tolerance": 0.04419889502762431
  },
  "per_label_support": {
    "Self-direction: thought": {
      "gold": 171.0,
      "pred": 0.0,
      "gold_rate": 0.011737250326034732,
      "pred_rate": 0.0
    },
    "Self-direction: action": {
      "gold": 512.0,
      "pred": 0.0,
      "gold_rate": 0.03514311208730867,
      "pred_rate": 0.0
    },
    "Stimulation": {
      "gold": 371.0,
      "pred": 137.0,
      "gold_rate": 0.02546502848513968,
      "pred_rate": 0.00940352803898689
    },
    "Hedonism": {
      "gold": 125.0,
      "pred": 13.0,
      "gold_rate": 0.008579861349440594,
      "pred_rate": 0.0008923055803418217
    },
    "Achievement": {
      "gold": 911.0,
      "pred": 501.0,
      "gold_rate": 0.06253002951472304,
      "pred_rate": 0.0343880842885579
    },
    "Power: dominance": {
      "gold": 631.0,
      "pred": 347.0,
      "gold_rate": 0.04331114009197611,
      "pred_rate": 0.023817695106047088
    },
    "Power: resources": {
      "gold": 805.0,
      "pred": 670.0,
      "gold_rate": 0.05525430709039742,
      "pred_rate": 0.04598805683300158
    },
    "Face": {
      "gold": 267.0,
      "pred": 2.0,
      "gold_rate": 0.018326583842405108,
      "pred_rate": 0.0001372777815910495
    },
    "Security: personal": {
      "gold": 352.0,
      "pred": 159.0,
      "gold_rate": 0.02416088956002471,
      "pred_rate": 0.010913583636488434
    },
    "Security: societal": {
      "gold": 1151.0,
      "pred": 802.0,
      "gold_rate": 0.07900336330564899,
      "pred_rate": 0.055048390418010844
    },
    "Tradition": {
      "gold": 196.0,
      "pred": 104.0,
      "gold_rate": 0.01345322259592285,
      "pred_rate": 0.007138444642734574
    },
    "Conformity: rules": {
      "gold": 911.0,
      "pred": 804.0,
      "gold_rate": 0.06253002951472304,
      "pred_rate": 0.0551856681996019
    },
    "Conformity: interpersonal": {
      "gold": 195.0,
      "pred": 0.0,
      "gold_rate": 0.013384583705127325,
      "pred_rate": 0.0
    },
    "Humility": {
      "gold": 30.0,
      "pred": 0.0,
      "gold_rate": 0.0020591667238657424,
      "pred_rate": 0.0
    },
    "Benevolence: caring": {
      "gold": 324.0,
      "pred": 96.0,
      "gold_rate": 0.022239000617750016,
      "pred_rate": 0.0065893335163703754
    },
    "Benevolence: dependability": {
      "gold": 288.0,
      "pred": 4.0,
      "gold_rate": 0.019768000549111125,
      "pred_rate": 0.000274555563182099
    },
    "Universalism: concern": {
      "gold": 735.0,
      "pred": 447.0,
      "gold_rate": 0.05044958473471069,
      "pred_rate": 0.03068158418559956
    },
    "Universalism: nature": {
      "gold": 293.0,
      "pred": 231.0,
      "gold_rate": 0.02011119500308875,
      "pred_rate": 0.015855583773766217
    },
    "Universalism: tolerance": {
      "gold": 171.0,
      "pred": 10.0,
      "gold_rate": 0.011737250326034732,
      "pred_rate": 0.0006863889079552475
    }
  },
  "threshold_sweep": {
    "best_threshold": 0.18,
    "best_metrics": {
      "micro_f1": 0.3345065594002834,
      "macro_f1": 0.2622826468115568,
      "per_label_f1": {
        "Self-direction: thought": 0.0,
        "Self-direction: action": 0.1518324607329843,
        "Stimulation": 0.24758560140474098,
        "Hedonism": 0.2278481012658228,
        "Achievement": 0.34170040485829956,
        "Power: dominance": 0.3310344827586207,
        "Power: resources": 0.3795737836751105,
        "Face": 0.13365155131264916,
        "Security: personal": 0.30534351145038163,
        "Security: societal": 0.4126444595513256,
        "Tradition": 0.37244897959183676,
        "Conformity: rules": 0.39553314121037464,
        "Conformity: interpersonal": 0.018604651162790697,
        "Humility": 0.0,
        "Benevolence: caring": 0.2122641509433962,
        "Benevolence: dependability": 0.25925925925925924,
        "Universalism: concern": 0.393099843178254,
        "Universalism: nature": 0.5773809523809523,
        "Universalism: tolerance": 0.22356495468277945
      },
      "per_label_support": {
        "Self-direction: thought": {
          "gold": 171.0,
          "pred": 0.0,
          "gold_rate": 0.011737250326034732,
          "pred_rate": 0.0
        },
        "Self-direction: action": {
          "gold": 512.0,
          "pred": 634.0,
          "gold_rate": 0.03514311208730867,
          "pred_rate": 0.04351705676436269
        },
        "Stimulation": {
          "gold": 371.0,
          "pred": 768.0,
          "gold_rate": 0.02546502848513968,
          "pred_rate": 0.052714668130963004
        },
        "Hedonism": {
          "gold": 125.0,
          "pred": 112.0,
          "gold_rate": 0.008579861349440594,
          "pred_rate": 0.007687555769098771
        },
        "Achievement": {
          "gold": 911.0,
          "pred": 1559.0,
          "gold_rate": 0.06253002951472304,
          "pred_rate": 0.10700803075022308
        },
        "Power: dominance": {
          "gold": 631.0,
          "pred": 1254.0,
          "gold_rate": 0.04331114009197611,
          "pred_rate": 0.08607316905758802
        },
        "Power: resources": {
          "gold": 805.0,
          "pred": 1682.0,
          "gold_rate": 0.05525430709039742,
          "pred_rate": 0.11545061431807262
        },
        "Face": {
          "gold": 267.0,
          "pred": 152.0,
          "gold_rate": 0.018326583842405108,
          "pred_rate": 0.010433111400919761
        },
        "Security: personal": {
          "gold": 352.0,
          "pred": 434.0,
          "gold_rate": 0.02416088956002471,
          "pred_rate": 0.02978927860525774
        },
        "Security: societal": {
          "gold": 1151.0,
          "pred": 1791.0,
          "gold_rate": 0.07900336330564899,
          "pred_rate": 0.12293225341478482
        },
        "Tradition": {
          "gold": 196.0,
          "pred": 196.0,
          "gold_rate": 0.01345322259592285,
          "pred_rate": 0.01345322259592285
        },
        "Conformity: rules": {
          "gold": 911.0,
          "pred": 1865.0,
          "gold_rate": 0.06253002951472304,
          "pred_rate": 0.12801153133365364
        },
        "Conformity: interpersonal": {
          "gold": 195.0,
          "pred": 20.0,
          "gold_rate": 0.013384583705127325,
          "pred_rate": 0.001372777815910495
        },
        "Humility": {
          "gold": 30.0,
          "pred": 0.0,
          "gold_rate": 0.0020591667238657424,
          "pred_rate": 0.0
        },
        "Benevolence: caring": {
          "gold": 324.0,
          "pred": 948.0,
          "gold_rate": 0.022239000617750016,
          "pred_rate": 0.06506966847415746
        },
        "Benevolence: dependability": {
          "gold": 288.0,
          "pred": 306.0,
          "gold_rate": 0.019768000549111125,
          "pred_rate": 0.021003500583430573
        },
        "Universalism: concern": {
          "gold": 735.0,
          "pred": 1178.0,
          "gold_rate": 0.05044958473471069,
          "pred_rate": 0.08085661335712815
        },
        "Universalism: nature": {
          "gold": 293.0,
          "pred": 379.0,