{
  "micro_f1": 0.29793233082706766,
  "macro_f1": 0.23835654245476814,
  "per_label_f1": {
    "Self-direction: thought": 0.02094240837696335,
    "Self-direction: action": 0.14111261872455902,
    "Stimulation": 0.2015915119363395,
    "Hedonism": 0.17857142857142855,
    "Achievement": 0.29709279171644765,
    "Power: dominance": 0.29545454545454547,
    "Power: resources": 0.3690529124055135,
    "Face": 0.12355212355212354,
    "Security: personal": 0.24397163120567375,
    "Security: societal": 0.375883885374023,
    "Tradition": 0.36764705882352944,
    "Conformity: rules": 0.3957055214723927,
    "Conformity: interpersonal": 0.05298013245033112,
    "Humility": 0.0,
    "Benevolence: caring": 0.20332355816226785,
    "Benevolence: dependability": 0.2085747392815759,
    "Universalism: concern": 0.3558052434456929,
    "Universalism: nature": 0.5321375186846039,
    "Universalism: tolerance": 0.16537467700258396
  },
  "per_label_support": {
    "Self-direction: thought": {
      "gold": 171.0,
      "pred": 20.0,
      "gold_rate": 0.011737250326034732,
      "pred_rate": 0.001372777815910495
    },
    "Self-direction: action": {
      "gold": 512.0,
      "pred": 962.0,
      "gold_rate": 0.03514311208730867,
      "pred_rate": 0.0660306129452948
    },
    "Stimulation": {
      "gold": 371.0,
      "pred": 760.0,
      "gold_rate": 0.02546502848513968,
      "pred_rate": 0.05216555700459881
    },
    "Hedonism": {
      "gold": 125.0,
      "pred": 155.0,
      "gold_rate": 0.008579861349440594,
      "pred_rate": 0.010639028073306335
    },
    "Achievement": {
      "gold": 911.0,
      "pred": 1600.0,
      "gold_rate": 0.06253002951472304,
      "pred_rate": 0.1098222252728396
    },
    "Power: dominance": {
      "gold": 631.0,
      "pred": 1129.0,
      "gold_rate": 0.04331114009197611,
      "pred_rate": 0.07749330770814744
    },
    "Power: resources": {
      "gold": 805.0,
      "pred": 1444.0,
      "gold_rate": 0.05525430709039742,
      "pred_rate": 0.09911455830873774
    },
    "Face": {
      "gold": 267.0,
      "pred": 251.0,
      "gold_rate": 0.018326583842405108,
      "pred_rate": 0.01722836158967671
    },
    "Security: personal": {
      "gold": 352.0,
      "pred": 353.0,
      "gold_rate": 0.02416088956002471,
      "pred_rate": 0.024229528450820235
    },
    "Security: societal": {
      "gold": 1151.0,
      "pred": 1536.0,
      "gold_rate": 0.07900336330564899,
      "pred_rate": 0.10542933626192601
    },
    "Tradition": {
      "gold": 196.0,
      "pred": 212.0,
      "gold_rate": 0.01345322259592285,
      "pred_rate": 0.014551444848651245
    },
    "Conformity: rules": {
      "gold": 911.0,
      "pred": 1045.0,
      "gold_rate": 0.06253002951472304,
      "pred_rate": 0.07172764088132336
    },
    "Conformity: interpersonal": {
      "gold": 195.0,
      "pred": 107.0,
      "gold_rate": 0.013384583705127325,
      "pred_rate": 0.007344361315121148
    },
    "Humility": {
      "gold": 30.0,
      "pred": 0.0,
      "gold_rate": 0.0020591667238657424,
      "pred_rate": 0.0
    },
    "Benevolence: caring": {
      "gold": 324.0,
      "pred": 699.0,
      "gold_rate": 0.022239000617750016,
      "pred_rate": 0.0479785846660718
    },
    "Benevolence: dependability": {
      "gold": 288.0,
      "pred": 575.0,
      "gold_rate": 0.019768000549111125,
      "pred_rate": 0.03946736220742673
    },
    "Universalism: concern": {
      "gold": 735.0,
      "pred": 1401.0,
      "gold_rate": 0.05044958473471069,
      "pred_rate": 0.09616308600453016
    },
    "Universalism: nature": {
      "gold": 293.0,
      "pred": 376.0,
      "gold_rate": 0.02011119500308875,
      "pred_rate": 0.025808222939117303
    },
    "Universalism: tolerance": {
      "gold": 171.0,
      "pred": 216.0,
      "gold_rate": 0.011737250326034732,
      "pred_rate": 0.014826000411833344
    }
  },
  "meta": {
    "model_name": "microsoft/deberta-v3-large",
    "context_type": "sentence",
    "rag_mode": "none",
    "use_rag": false,
    "top_k": 2,
    "seed": 42,
    "split": "test"
  }
}
