{
  "max_length": 1024,
  "samples": 74231,
  "truncated": 1,
  "truncated_rate": 1.3471460710484838e-05,
  "length_mean": 308.7991674637281,
  "length_p95": 407.0,
  "length_p99": 469.0,
  "by_split": {
    "training": {
      "samples": 44758,
      "truncated": 0,
      "truncated_rate": 0.0,
      "length_mean": 308.8599579963358,
      "length_p95": 406.0,
      "length_p99": 467.0
    },
    "validation": {
      "samples": 14904,
      "truncated": 0,
      "truncated_rate": 0.0,
      "length_mean": 307.76898819108965,
      "length_p95": 407.0,
      "length_p99": 465.0
    },
    "test": {
      "samples": 14569,
      "truncated": 1,
      "truncated_rate": 6.863889079552475e-05,
      "length_mean": 309.66627771295214,
      "length_p95": 412.0,
      "length_p99": 474.3199999999997
    }
  }
}
