{
  "max_length": 1024,
  "samples": 74231,
  "truncated": 0,
  "truncated_rate": 0.0,
  "length_mean": 131.66592124584068,
  "length_p95": 221.0,
  "length_p99": 281.0,
  "by_split": {
    "training": {
      "samples": 44758,
      "truncated": 0,
      "truncated_rate": 0.0,
      "length_mean": 131.63331694892534,
      "length_p95": 219.0,
      "length_p99": 278.0
    },
    "validation": {
      "samples": 14904,
      "truncated": 0,
      "truncated_rate": 0.0,
      "length_mean": 131.27502683843264,
      "length_p95": 222.0,
      "length_p99": 280.0
    },
    "test": {
      "samples": 14569,
      "truncated": 0,
      "truncated_rate": 0.0,
      "length_mean": 132.16596883794358,
      "length_p95": 225.0,
      "length_p99": 286.3199999999997
    }
  }
}
