{
  "max_length": 1024,
  "samples": 74231,
  "truncated": 37082,
  "truncated_rate": 0.4995487060661988,
  "length_mean": 950.828252347402,
  "length_p95": 1024.0,
  "length_p99": 1024.0,
  "by_split": {
    "training": {
      "samples": 44758,
      "truncated": 22040,
      "truncated_rate": 0.49242593502837484,
      "length_mean": 949.8615219625542,
      "length_p95": 1024.0,
      "length_p99": 1024.0
    },
    "validation": {
      "samples": 14904,
      "truncated": 8243,
      "truncated_rate": 0.5530730005367687,
      "length_mean": 956.4755770263016,
      "length_p95": 1024.0,
      "length_p99": 1024.0
    },
    "test": {
      "samples": 14569,
      "truncated": 6799,
      "truncated_rate": 0.4666758185187727,
      "length_mean": 948.0210035005834,
      "length_p95": 1024.0,
      "length_p99": 1024.0
    }
  }
}
