{
  "micro_f1": 0.23316200520659502,
  "macro_f1": 0.21744802906122102,
  "per_label_f1": {
    "Self-direction: thought": 0.1092436974789916,
    "Self-direction: action": 0.12356321839080459,
    "Stimulation": 0.15024630541871922,
    "Hedonism": 0.2578125,
    "Achievement": 0.27500836400133827,
    "Power: dominance": 0.2017167381974249,
    "Power: resources": 0.281615302869288,
    "Face": 0.18503401360544222,
    "Security: personal": 0.21333333333333335,
    "Security: societal": 0.22759226713532513,
    "Tradition": 0.23634735899731427,
    "Conformity: rules": 0.3359375,
    "Conformity: interpersonal": 0.07869187531936638,
    "Humility": 0.06722689075630252,
    "Benevolence: caring": 0.1555814858031894,
    "Benevolence: dependability": 0.11953041622198507,
    "Universalism: concern": 0.34368803701255785,
    "Universalism: nature": 0.5593984962406015,
    "Universalism: tolerance": 0.20994475138121546
  },
  "per_label_support": {
    "Self-direction: thought": {
      "gold": 171.0,
      "pred": 67.0,
      "gold_rate": 0.011737250326034732,
      "pred_rate": 0.004598805683300158
    },
    "Self-direction: action": {
      "gold": 512.0,
      "pred": 184.0,
      "gold_rate": 0.03514311208730867,
      "pred_rate": 0.012629555906376553
    },
    "Stimulation": {
      "gold": 371.0,
      "pred": 441.0,
      "gold_rate": 0.02546502848513968,
      "pred_rate": 0.030269750840826413
    },
    "Hedonism": {
      "gold": 125.0,
      "pred": 131.0,
      "gold_rate": 0.008579861349440594,
      "pred_rate": 0.008991694694213742
    },
    "Achievement": {
      "gold": 911.0,
      "pred": 2078.0,
      "gold_rate": 0.06253002951472304,
      "pred_rate": 0.14263161507310043
    },
    "Power: dominance": {
      "gold": 631.0,
      "pred": 301.0,
      "gold_rate": 0.04331114009197611,
      "pred_rate": 0.020660306129452948
    },
    "Power: resources": {
      "gold": 805.0,
      "pred": 1077.0,
      "gold_rate": 0.05525430709039742,
      "pred_rate": 0.07392408538678015
    },
    "Face": {
      "gold": 267.0,
      "pred": 468.0,
      "gold_rate": 0.018326583842405108,
      "pred_rate": 0.03212300089230558
    },
    "Security: personal": {
      "gold": 352.0,
      "pred": 1673.0,
      "gold_rate": 0.02416088956002471,
      "pred_rate": 0.1148328643009129
    },
    "Security: societal": {
      "gold": 1151.0,
      "pred": 5677.0,
      "gold_rate": 0.07900336330564899,
      "pred_rate": 0.38966298304619396
    },
    "Tradition": {
      "gold": 196.0,
      "pred": 921.0,
      "gold_rate": 0.01345322259592285,
      "pred_rate": 0.06321641842267829
    },
    "Conformity: rules": {
      "gold": 911.0,
      "pred": 2417.0,
      "gold_rate": 0.06253002951472304,
      "pred_rate": 0.1659001990527833
    },
    "Conformity: interpersonal": {
      "gold": 195.0,
      "pred": 1762.0,
      "gold_rate": 0.013384583705127325,
      "pred_rate": 0.1209417255817146
    },
    "Humility": {
      "gold": 30.0,
      "pred": 89.0,
      "gold_rate": 0.0020591667238657424,
      "pred_rate": 0.006108861280801702
    },
    "Benevolence: caring": {
      "gold": 324.0,
      "pred": 2247.0,
      "gold_rate": 0.022239000617750016,
      "pred_rate": 0.1542315876175441
    },
    "Benevolence: dependability": {
      "gold": 288.0,
      "pred": 649.0,
      "gold_rate": 0.019768000549111125,
      "pred_rate": 0.044546640126295556
    },
    "Universalism: concern": {
      "gold": 735.0,
      "pred": 778.0,
      "gold_rate": 0.05044958473471069,
      "pred_rate": 0.05340105703891825
    },
    "Universalism: nature": {
      "gold": 293.0,
      "pred": 372.0,
      "gold_rate": 0.02011119500308875,
      "pred_rate": 0.025533667375935206
    },
    "Universalism: tolerance": {
      "gold": 171.0,
      "pred": 191.0,
      "gold_rate": 0.011737250326034732,
      "pred_rate": 0.013110028141945226
    }
  }
}
