{
  "micro_f1": 0.22285911602209946,
  "macro_f1": 0.20231581830313808,
  "per_label_f1": {
    "Self-direction: thought": 0.07339449541284403,
    "Self-direction: action": 0.1182108626198083,
    "Stimulation": 0.15676959619952494,
    "Hedonism": 0.23673469387755103,
    "Achievement": 0.2734288864388093,
    "Power: dominance": 0.13986013986013987,
    "Power: resources": 0.26071638285378745,
    "Face": 0.1687074829931973,
    "Security: personal": 0.21227768215720022,
    "Security: societal": 0.24701873935264057,
    "Tradition": 0.24446583253128007,
    "Conformity: rules": 0.3318858560794044,
    "Conformity: interpersonal": 0.06991260923845194,
    "Humility": 0.028901734104046242,
    "Benevolence: caring": 0.14617169373549882,
    "Benevolence: dependability": 0.1214109926168991,
    "Universalism: concern": 0.31542699724517903,
    "Universalism: nature": 0.5301914580265096,
    "Universalism: tolerance": 0.16851441241685144
  },
  "per_label_support": {
    "Self-direction: thought": {
      "gold": 171.0,
      "pred": 47.0,
      "gold_rate": 0.011737250326034732,
      "pred_rate": 0.003226027867389663
    },
    "Self-direction: action": {
      "gold": 512.0,
      "pred": 114.0,
      "gold_rate": 0.03514311208730867,
      "pred_rate": 0.007824833550689822
    },
    "Stimulation": {
      "gold": 371.0,
      "pred": 471.0,
      "gold_rate": 0.02546502848513968,
      "pred_rate": 0.03232891756469215
    },
    "Hedonism": {
      "gold": 125.0,
      "pred": 120.0,
      "gold_rate": 0.008579861349440594,
      "pred_rate": 0.00823666689546297
    },
    "Achievement": {
      "gold": 911.0,
      "pred": 1810.0,
      "gold_rate": 0.06253002951472304,
      "pred_rate": 0.12423639233989979
    },
    "Power: dominance": {
      "gold": 631.0,
      "pred": 227.0,
      "gold_rate": 0.04331114009197611,
      "pred_rate": 0.015581028210584116
    },
    "Power: resources": {
      "gold": 805.0,
      "pred": 898.0,
      "gold_rate": 0.05525430709039742,
      "pred_rate": 0.061637723934381224
    },
    "Face": {
      "gold": 267.0,
      "pred": 468.0,
      "gold_rate": 0.018326583842405108,
      "pred_rate": 0.03212300089230558
    },
    "Security: personal": {
      "gold": 352.0,
      "pred": 1391.0,
      "gold_rate": 0.02416088956002471,
      "pred_rate": 0.09547669709657491
    },
    "Security: societal": {
      "gold": 1151.0,
      "pred": 4719.0,
      "gold_rate": 0.07900336330564899,
      "pred_rate": 0.32390692566408125
    },
    "Tradition": {
      "gold": 196.0,
      "pred": 843.0,
      "gold_rate": 0.01345322259592285,
      "pred_rate": 0.05786258494062736
    },
    "Conformity: rules": {
      "gold": 911.0,
      "pred": 2313.0,
      "gold_rate": 0.06253002951472304,
      "pred_rate": 0.15876175441004872
    },
    "Conformity: interpersonal": {
      "gold": 195.0,
      "pred": 2208.0,
      "gold_rate": 0.013384583705127325,
      "pred_rate": 0.15155467087651864
    },
    "Humility": {
      "gold": 30.0,
      "pred": 316.0,
      "gold_rate": 0.0020591667238657424,
      "pred_rate": 0.021689889491385818
    },
    "Benevolence: caring": {
      "gold": 324.0,
      "pred": 2262.0,
      "gold_rate": 0.022239000617750016,
      "pred_rate": 0.15526117097947698
    },
    "Benevolence: dependability": {
      "gold": 288.0,
      "pred": 931.0,
      "gold_rate": 0.019768000549111125,
      "pred_rate": 0.06390280733063354
    },
    "Universalism: concern": {
      "gold": 735.0,
      "pred": 717.0,
      "gold_rate": 0.05044958473471069,
      "pred_rate": 0.04921408470039124
    },
    "Universalism: nature": {
      "gold": 293.0,
      "pred": 386.0,
      "gold_rate": 0.02011119500308875,
      "pred_rate": 0.026494611847072552
    },
    "Universalism: tolerance": {
      "gold": 171.0,
      "pred": 280.0,
      "gold_rate": 0.011737250326034732,
      "pred_rate": 0.019218889422746927
    }
  }
}
