{
  "micro_f1": 0.20054880896777205,
  "macro_f1": 0.18120198560905137,
  "per_label_f1": {
    "Self-direction: thought": 0.04020100502512563,
    "Self-direction: action": 0.11419249592169657,
    "Stimulation": 0.1565217391304348,
    "Hedonism": 0.17730496453900707,
    "Achievement": 0.2497048406139315,
    "Power: dominance": 0.12729498164014688,
    "Power: resources": 0.16493506493506493,
    "Face": 0.17772511848341235,
    "Security: personal": 0.22011585044760398,
    "Security: societal": 0.22972798762408145,
    "Tradition": 0.2379654859218892,
    "Conformity: rules": 0.2993232691306611,
    "Conformity: interpersonal": 0.06925031766200762,
    "Humility": 0.03645833333333334,
    "Benevolence: caring": 0.13149847094801223,
    "Benevolence: dependability": 0.09876543209876545,
    "Universalism: concern": 0.2999345121152586,
    "Universalism: nature": 0.4623115577889447,
    "Universalism: tolerance": 0.1496062992125984
  },
  "per_label_support": {
    "Self-direction: thought": {
      "gold": 171.0,
      "pred": 28.0,
      "gold_rate": 0.011737250326034732,
      "pred_rate": 0.0019218889422746928
    },
    "Self-direction: action": {
      "gold": 512.0,
      "pred": 101.0,
      "gold_rate": 0.03514311208730867,
      "pred_rate": 0.006932527970347999
    },
    "Stimulation": {
      "gold": 371.0,
      "pred": 549.0,
      "gold_rate": 0.02546502848513968,
      "pred_rate": 0.03768275104674308
    },
    "Hedonism": {
      "gold": 125.0,
      "pred": 157.0,
      "gold_rate": 0.008579861349440594,
      "pred_rate": 0.010776305854897385
    },
    "Achievement": {
      "gold": 911.0,
      "pred": 2477.0,
      "gold_rate": 0.06253002951472304,
      "pred_rate": 0.1700185325005148
    },
    "Power: dominance": {
      "gold": 631.0,
      "pred": 186.0,
      "gold_rate": 0.04331114009197611,
      "pred_rate": 0.012766833687967603
    },
    "Power: resources": {
      "gold": 805.0,
      "pred": 735.0,
      "gold_rate": 0.05525430709039742,
      "pred_rate": 0.05044958473471069
    },
    "Face": {
      "gold": 267.0,
      "pred": 577.0,
      "gold_rate": 0.018326583842405108,
      "pred_rate": 0.039604639989017774
    },
    "Security: personal": {
      "gold": 352.0,
      "pred": 1547.0,
      "gold_rate": 0.02416088956002471,
      "pred_rate": 0.10618436406067679
    },
    "Security: societal": {
      "gold": 1151.0,
      "pred": 6606.0,
      "gold_rate": 0.07900336330564899,
      "pred_rate": 0.4534285125952365
    },
    "Tradition": {
      "gold": 196.0,
      "pred": 905.0,
      "gold_rate": 0.01345322259592285,
      "pred_rate": 0.062118196169949895
    },
    "Conformity: rules": {
      "gold": 911.0,
      "pred": 2931.0,
      "gold_rate": 0.06253002951472304,
      "pred_rate": 0.20118058892168303
    },
    "Conformity: interpersonal": {
      "gold": 195.0,
      "pred": 2953.0,
      "gold_rate": 0.013384583705127325,
      "pred_rate": 0.20269064451918456
    },
    "Humility": {
      "gold": 30.0,
      "pred": 354.0,
      "gold_rate": 0.0020591667238657424,
      "pred_rate": 0.02429816734161576
    },
    "Benevolence: caring": {
      "gold": 324.0,
      "pred": 2946.0,
      "gold_rate": 0.022239000617750016,
      "pred_rate": 0.2022101722836159
    },
    "Benevolence: dependability": {
      "gold": 288.0,
      "pred": 1332.0,
      "gold_rate": 0.019768000549111125,
      "pred_rate": 0.09142700253963897
    },
    "Universalism: concern": {
      "gold": 735.0,
      "pred": 792.0,
      "gold_rate": 0.05044958473471069,
      "pred_rate": 0.054362001510055595
    },
    "Universalism: nature": {
      "gold": 293.0,
      "pred": 304.0,
      "gold_rate": 0.02011119500308875,
      "pred_rate": 0.020866222801839522
    },
    "Universalism: tolerance": {
      "gold": 171.0,
      "pred": 337.0,
      "gold_rate": 0.011737250326034732,
      "pred_rate": 0.02313130619809184
    }
  }
}
