{
  "micro_f1": 0.20880524567827644,
  "macro_f1": 0.19394416140725831,
  "per_label_f1": {
    "Self-direction: thought": 0.08181818181818182,
    "Self-direction: action": 0.11164274322169059,
    "Stimulation": 0.14783821478382148,
    "Hedonism": 0.20143884892086328,
    "Achievement": 0.2568455640744797,
    "Power: dominance": 0.17730496453900707,
    "Power: resources": 0.1729323308270677,
    "Face": 0.17458279845956354,
    "Security: personal": 0.2152505446623094,
    "Security: societal": 0.20789930555555558,
    "Tradition": 0.25932504440497334,
    "Conformity: rules": 0.29445861349408764,
    "Conformity: interpersonal": 0.07668231611893583,
    "Humility": 0.05,
    "Benevolence: caring": 0.14357262103505844,
    "Benevolence: dependability": 0.12438853948287912,
    "Universalism: concern": 0.30798004987531175,
    "Universalism: nature": 0.5009140767824497,
    "Universalism: tolerance": 0.18006430868167203
  },
  "per_label_support": {
    "Self-direction: thought": {
      "gold": 171.0,
      "pred": 49.0,
      "gold_rate": 0.011737250326034732,
      "pred_rate": 0.0033633056489807125
    },
    "Self-direction: action": {
      "gold": 512.0,
      "pred": 115.0,
      "gold_rate": 0.03514311208730867,
      "pred_rate": 0.007893472441485345
    },
    "Stimulation": {
      "gold": 371.0,
      "pred": 346.0,
      "gold_rate": 0.02546502848513968,
      "pred_rate": 0.02374905621525156
    },
    "Hedonism": {
      "gold": 125.0,
      "pred": 153.0,
      "gold_rate": 0.008579861349440594,
      "pred_rate": 0.010501750291715286
    },
    "Achievement": {
      "gold": 911.0,
      "pred": 2741.0,
      "gold_rate": 0.06253002951472304,
      "pred_rate": 0.18813919967053333
    },
    "Power: dominance": {
      "gold": 631.0,
      "pred": 215.0,
      "gold_rate": 0.04331114009197611,
      "pred_rate": 0.01475736152103782
    },
    "Power: resources": {
      "gold": 805.0,
      "pred": 791.0,
      "gold_rate": 0.05525430709039742,
      "pred_rate": 0.05429336261926007
    },
    "Face": {
      "gold": 267.0,
      "pred": 512.0,
      "gold_rate": 0.018326583842405108,
      "pred_rate": 0.03514311208730867
    },
    "Security: personal": {
      "gold": 352.0,
      "pred": 1943.0,
      "gold_rate": 0.02416088956002471,
      "pred_rate": 0.13336536481570457
    },
    "Security: societal": {
      "gold": 1151.0,
      "pred": 8065.0,
      "gold_rate": 0.07900336330564899,
      "pred_rate": 0.5535726542659071
    },
    "Tradition": {
      "gold": 196.0,
      "pred": 930.0,
      "gold_rate": 0.01345322259592285,
      "pred_rate": 0.06383416843983801
    },
    "Conformity: rules": {
      "gold": 911.0,
      "pred": 3402.0,
      "gold_rate": 0.06253002951472304,
      "pred_rate": 0.23350950648637517
    },
    "Conformity: interpersonal": {
      "gold": 195.0,
      "pred": 2361.0,
      "gold_rate": 0.013384583705127325,
      "pred_rate": 0.16205642116823393
    },
    "Humility": {
      "gold": 30.0,
      "pred": 90.0,
      "gold_rate": 0.0020591667238657424,
      "pred_rate": 0.006177500171597227
    },
    "Benevolence: caring": {
      "gold": 324.0,
      "pred": 2671.0,
      "gold_rate": 0.022239000617750016,
      "pred_rate": 0.1833344773148466
    },
    "Benevolence: dependability": {
      "gold": 288.0,
      "pred": 1143.0,
      "gold_rate": 0.019768000549111125,
      "pred_rate": 0.07845425217928478
    },
    "Universalism: concern": {
      "gold": 735.0,
      "pred": 869.0,
      "gold_rate": 0.05044958473471069,
      "pred_rate": 0.059647196101311
    },
    "Universalism: nature": {
      "gold": 293.0,
      "pred": 254.0,
      "gold_rate": 0.02011119500308875,
      "pred_rate": 0.017434278262063285
    },
    "Universalism: tolerance": {
      "gold": 171.0,
      "pred": 140.0,
      "gold_rate": 0.011737250326034732,
      "pred_rate": 0.009609444711373464
    }
  }
}
