{
  "micro_f1": 0.23205236486486486,
  "macro_f1": 0.21588484207487516,
  "per_label_f1": {
    "Self-direction: thought": 0.1337579617834395,
    "Self-direction: action": 0.20422535211267606,
    "Stimulation": 0.1501787842669845,
    "Hedonism": 0.34146341463414637,
    "Achievement": 0.2764673614920461,
    "Power: dominance": 0.2613129381771829,
    "Power: resources": 0.19754350051177072,
    "Face": 0.20900321543408362,
    "Security: personal": 0.1884107082344968,
    "Security: societal": 0.24209150326797385,
    "Tradition": 0.289825282631038,
    "Conformity: rules": 0.3168053244592346,
    "Conformity: interpersonal": 0.09981515711645103,
    "Humility": 0.08450704225352113,
    "Benevolence: caring": 0.16646754281162884,
    "Benevolence: dependability": 0.1248303934871099,
    "Universalism: concern": 0.22533136966126657,
    "Universalism: nature": 0.4527659574468085,
    "Universalism: tolerance": 0.1370091896407686
  },
  "per_label_support": {
    "Self-direction: thought": {
      "gold": 171.0,
      "pred": 771.0,
      "gold_rate": 0.011737250326034732,
      "pred_rate": 0.05292058480334958
    },
    "Self-direction: action": {
      "gold": 512.0,
      "pred": 1192.0,
      "gold_rate": 0.03514311208730867,
      "pred_rate": 0.0818175578282655
    },
    "Stimulation": {
      "gold": 371.0,
      "pred": 468.0,
      "gold_rate": 0.02546502848513968,
      "pred_rate": 0.03212300089230558
    },
    "Hedonism": {
      "gold": 125.0,
      "pred": 244.0,
      "gold_rate": 0.008579861349440594,
      "pred_rate": 0.016747889354108036
    },
    "Achievement": {
      "gold": 911.0,
      "pred": 2735.0,
      "gold_rate": 0.06253002951472304,
      "pred_rate": 0.18772736632576018
    },
    "Power: dominance": {
      "gold": 631.0,
      "pred": 938.0,
      "gold_rate": 0.04331114009197611,
      "pred_rate": 0.06438327956620221
    },
    "Power: resources": {
      "gold": 805.0,
      "pred": 1149.0,
      "gold_rate": 0.05525430709039742,
      "pred_rate": 0.07886608552405792
    },
    "Face": {
      "gold": 267.0,
      "pred": 355.0,
      "gold_rate": 0.018326583842405108,
      "pred_rate": 0.024366806232411286
    },
    "Security: personal": {
      "gold": 352.0,
      "pred": 2599.0,
      "gold_rate": 0.02416088956002471,
      "pred_rate": 0.17839247717756881
    },
    "Security: societal": {
      "gold": 1151.0,
      "pred": 6499.0,
      "gold_rate": 0.07900336330564899,
      "pred_rate": 0.4460841512801153
    },
    "Tradition": {
      "gold": 196.0,
      "pred": 777.0,
      "gold_rate": 0.01345322259592285,
      "pred_rate": 0.05333241814812273
    },
    "Conformity: rules": {
      "gold": 911.0,
      "pred": 2094.0,
      "gold_rate": 0.06253002951472304,
      "pred_rate": 0.1437298373258288
    },
    "Conformity: interpersonal": {
      "gold": 195.0,
      "pred": 346.0,
      "gold_rate": 0.013384583705127325,
      "pred_rate": 0.02374905621525156
    },
    "Humility": {
      "gold": 30.0,
      "pred": 41.0,
      "gold_rate": 0.0020591667238657424,
      "pred_rate": 0.0028141945226165146
    },
    "Benevolence: caring": {
      "gold": 324.0,
      "pred": 2187.0,
      "gold_rate": 0.022239000617750016,
      "pred_rate": 0.1501132541698126
    },
    "Benevolence: dependability": {
      "gold": 288.0,
      "pred": 449.0,
      "gold_rate": 0.019768000549111125,
      "pred_rate": 0.030818861967190612
    },
    "Universalism: concern": {
      "gold": 735.0,
      "pred": 4697.0,
      "gold_rate": 0.05044958473471069,
      "pred_rate": 0.32239687006657974
    },
    "Universalism: nature": {
      "gold": 293.0,
      "pred": 882.0,
      "gold_rate": 0.02011119500308875,
      "pred_rate": 0.06053950168165283
    },
    "Universalism: tolerance": {
      "gold": 171.0,
      "pred": 1026.0,
      "gold_rate": 0.011737250326034732,
      "pred_rate": 0.07042350195620839
    }
  }
}
