{
  "micro_f1": 0.17503876258616502,
  "macro_f1": 0.17070734844793636,
  "per_label_f1": {
    "Self-direction: thought": 0.10526315789473684,
    "Self-direction: action": 0.1622516556291391,
    "Stimulation": 0.12275449101796405,
    "Hedonism": 0.21468926553672316,
    "Achievement": 0.23358270989193683,
    "Power: dominance": 0.23481481481481478,
    "Power: resources": 0.20868438107582632,
    "Face": 0.12652608213096558,
    "Security: personal": 0.10435737824972537,
    "Security: societal": 0.2210184182015168,
    "Tradition": 0.2709163346613546,
    "Conformity: rules": 0.2761806981519507,
    "Conformity: interpersonal": 0.05448354143019296,
    "Humility": 0.05181347150259067,
    "Benevolence: caring": 0.10833963214915596,
    "Benevolence: dependability": 0.08582834331337325,
    "Universalism: concern": 0.1574381219698903,
    "Universalism: nature": 0.4157706093189964,
    "Universalism: tolerance": 0.08872651356993738
  },
  "per_label_support": {
    "Self-direction: thought": {
      "gold": 171.0,
      "pred": 171.0,
      "gold_rate": 0.011737250326034732,
      "pred_rate": 0.011737250326034732
    },
    "Self-direction: action": {
      "gold": 512.0,
      "pred": 696.0,
      "gold_rate": 0.03514311208730867,
      "pred_rate": 0.04777266799368522
    },
    "Stimulation": {
      "gold": 371.0,
      "pred": 297.0,
      "gold_rate": 0.02546502848513968,
      "pred_rate": 0.02038575056627085
    },
    "Hedonism": {
      "gold": 125.0,
      "pred": 229.0,
      "gold_rate": 0.008579861349440594,
      "pred_rate": 0.015718305992175167
    },
    "Achievement": {
      "gold": 911.0,
      "pred": 3901.0,
      "gold_rate": 0.06253002951472304,
      "pred_rate": 0.267760312993342
    },
    "Power: dominance": {
      "gold": 631.0,
      "pred": 2069.0,
      "gold_rate": 0.04331114009197611,
      "pred_rate": 0.14201386505594069
    },
    "Power: resources": {
      "gold": 805.0,
      "pred": 3824.0,
      "gold_rate": 0.05525430709039742,
      "pred_rate": 0.26247511840208665
    },
    "Face": {
      "gold": 267.0,
      "pred": 1535.0,
      "gold_rate": 0.018326583842405108,
      "pred_rate": 0.10536069737113048
    },
    "Security: personal": {
      "gold": 352.0,
      "pred": 5110.0,
      "gold_rate": 0.02416088956002471,
      "pred_rate": 0.35074473196513145
    },
    "Security: societal": {
      "gold": 1151.0,
      "pred": 6233.0,
      "gold_rate": 0.07900336330564899,
      "pred_rate": 0.4278262063285057
    },
    "Tradition": {
      "gold": 196.0,
      "pred": 557.0,
      "gold_rate": 0.01345322259592285,
      "pred_rate": 0.038231862173107284
    },
    "Conformity: rules": {
      "gold": 911.0,
      "pred": 2985.0,
      "gold_rate": 0.06253002951472304,
      "pred_rate": 0.20488708902464137
    },
    "Conformity: interpersonal": {
      "gold": 195.0,
      "pred": 1567.0,
      "gold_rate": 0.013384583705127325,
      "pred_rate": 0.10755714187658727
    },
    "Humility": {
      "gold": 30.0,
      "pred": 163.0,
      "gold_rate": 0.0020591667238657424,
      "pred_rate": 0.011188139199670533
    },
    "Benevolence: caring": {
      "gold": 324.0,
      "pred": 3645.0,
      "gold_rate": 0.022239000617750016,
      "pred_rate": 0.2501887569496877
    },
    "Benevolence: dependability": {
      "gold": 288.0,
      "pred": 2718.0,
      "gold_rate": 0.019768000549111125,
      "pred_rate": 0.18656050518223624
    },
    "Universalism: concern": {
      "gold": 735.0,
      "pred": 7103.0,
      "gold_rate": 0.05044958473471069,
      "pred_rate": 0.48754204132061224
    },
    "Universalism: nature": {
      "gold": 293.0,
      "pred": 544.0,
      "gold_rate": 0.02011119500308875,
      "pred_rate": 0.03733955659276546
    },
    "Universalism: tolerance": {
      "gold": 171.0,
      "pred": 1745.0,
      "gold_rate": 0.011737250326034732,
      "pred_rate": 0.11977486443819067
    }
  }
}
