{
  "micro_f1": 0.23234987088621506,
  "macro_f1": 0.21508935641378887,
  "per_label_f1": {
    "Self-direction: thought": 0.1564625850340136,
    "Self-direction: action": 0.168792934249264,
    "Stimulation": 0.15852047556142668,
    "Hedonism": 0.2651933701657459,
    "Achievement": 0.2641744548286604,
    "Power: dominance": 0.2756680731364276,
    "Power: resources": 0.23058103975535169,
    "Face": 0.15384615384615383,
    "Security: personal": 0.1655027932960894,
    "Security: societal": 0.27904490377761937,
    "Tradition": 0.3028846153846155,
    "Conformity: rules": 0.3119658119658119,
    "Conformity: interpersonal": 0.0674955595026643,
    "Humility": 0.10526315789473685,
    "Benevolence: caring": 0.16533780948384388,
    "Benevolence: dependability": 0.1283720930232558,
    "Universalism: concern": 0.2314185711344451,
    "Universalism: nature": 0.5282112845138055,
    "Universalism: tolerance": 0.12796208530805686
  },
  "per_label_support": {
    "Self-direction: thought": {
      "gold": 171.0,
      "pred": 123.0,
      "gold_rate": 0.011737250326034732,
      "pred_rate": 0.008442583567849543
    },
    "Self-direction: action": {
      "gold": 512.0,
      "pred": 507.0,
      "gold_rate": 0.03514311208730867,
      "pred_rate": 0.03479991763333105
    },
    "Stimulation": {
      "gold": 371.0,
      "pred": 386.0,
      "gold_rate": 0.02546502848513968,
      "pred_rate": 0.026494611847072552
    },
    "Hedonism": {
      "gold": 125.0,
      "pred": 237.0,
      "gold_rate": 0.008579861349440594,
      "pred_rate": 0.016267417118539365
    },
    "Achievement": {
      "gold": 911.0,
      "pred": 2299.0,
      "gold_rate": 0.06253002951472304,
      "pred_rate": 0.15780080993891138
    },
    "Power: dominance": {
      "gold": 631.0,
      "pred": 1502.0,
      "gold_rate": 0.04331114009197611,
      "pred_rate": 0.10309561397487817
    },
    "Power: resources": {
      "gold": 805.0,
      "pred": 2465.0,
      "gold_rate": 0.05525430709039742,
      "pred_rate": 0.1691948658109685
    },
    "Face": {
      "gold": 267.0,
      "pred": 890.0,
      "gold_rate": 0.018326583842405108,
      "pred_rate": 0.06108861280801702
    },
    "Security: personal": {
      "gold": 352.0,
      "pred": 2512.0,
      "gold_rate": 0.02416088956002471,
      "pred_rate": 0.17242089367835817
    },
    "Security: societal": {
      "gold": 1151.0,
      "pred": 4461.0,
      "gold_rate": 0.07900336330564899,
      "pred_rate": 0.3061980918388359
    },
    "Tradition": {
      "gold": 196.0,
      "pred": 636.0,
      "gold_rate": 0.01345322259592285,
      "pred_rate": 0.04365433454595374
    },
    "Conformity: rules": {
      "gold": 911.0,
      "pred": 2365.0,
      "gold_rate": 0.06253002951472304,
      "pred_rate": 0.16233097673141603
    },
    "Conformity: interpersonal": {
      "gold": 195.0,
      "pred": 931.0,
      "gold_rate": 0.013384583705127325,
      "pred_rate": 0.06390280733063354
    },
    "Humility": {
      "gold": 30.0,
      "pred": 46.0,
      "gold_rate": 0.0020591667238657424,
      "pred_rate": 0.003157388976594138
    },
    "Benevolence: caring": {
      "gold": 324.0,
      "pred": 2059.0,
      "gold_rate": 0.022239000617750016,
      "pred_rate": 0.14132747614798544
    },
    "Benevolence: dependability": {
      "gold": 288.0,
      "pred": 787.0,
      "gold_rate": 0.019768000549111125,
      "pred_rate": 0.05401880705607797
    },
    "Universalism: concern": {
      "gold": 735.0,
      "pred": 4122.0,
      "gold_rate": 0.05044958473471069,
      "pred_rate": 0.282929507859153
    },
    "Universalism: nature": {
      "gold": 293.0,
      "pred": 540.0,
      "gold_rate": 0.02011119500308875,
      "pred_rate": 0.037065001029583364
    },
    "Universalism: tolerance": {
      "gold": 171.0,
      "pred": 1095.0,
      "gold_rate": 0.011737250326034732,
      "pred_rate": 0.0751595854210996
    }
  }
}
