{
  "micro_f1": 0.26417855836077575,
  "macro_f1": 0.24109104611377702,
  "per_label_f1": {
    "Self-direction: thought": 0.12337662337662338,
    "Self-direction: action": 0.17547357926221335,
    "Stimulation": 0.1877551020408163,
    "Hedonism": 0.2781065088757396,
    "Achievement": 0.2795076031860971,
    "Power: dominance": 0.27424749163879597,
    "Power: resources": 0.27805222300635146,
    "Face": 0.16952789699570814,
    "Security: personal": 0.18048780487804877,
    "Security: societal": 0.31051836940110716,
    "Tradition": 0.3183791606367583,
    "Conformity: rules": 0.3406408094435076,
    "Conformity: interpersonal": 0.11094890510948904,
    "Humility": 0.17857142857142855,
    "Benevolence: caring": 0.18757062146892653,
    "Benevolence: dependability": 0.15803108808290153,
    "Universalism: concern": 0.3031802120141343,
    "Universalism: nature": 0.5589403973509934,
    "Universalism: tolerance": 0.16741405082212257
  },
  "per_label_support": {
    "Self-direction: thought": {
      "gold": 171.0,
      "pred": 137.0,
      "gold_rate": 0.011737250326034732,
      "pred_rate": 0.00940352803898689
    },
    "Self-direction: action": {
      "gold": 512.0,
      "pred": 491.0,
      "gold_rate": 0.03514311208730867,
      "pred_rate": 0.03370169538060265
    },
    "Stimulation": {
      "gold": 371.0,
      "pred": 364.0,
      "gold_rate": 0.02546502848513968,
      "pred_rate": 0.024984556249571008
    },
    "Hedonism": {
      "gold": 125.0,
      "pred": 213.0,
      "gold_rate": 0.008579861349440594,
      "pred_rate": 0.01462008373944677
    },
    "Achievement": {
      "gold": 911.0,
      "pred": 1851.0,
      "gold_rate": 0.06253002951472304,
      "pred_rate": 0.1270505868625163
    },
    "Power: dominance": {
      "gold": 631.0,
      "pred": 1163.0,
      "gold_rate": 0.04331114009197611,
      "pred_rate": 0.07982702999519528
    },
    "Power: resources": {
      "gold": 805.0,
      "pred": 2029.0,
      "gold_rate": 0.05525430709039742,
      "pred_rate": 0.13926830942411972
    },
    "Face": {
      "gold": 267.0,
      "pred": 665.0,
      "gold_rate": 0.018326583842405108,
      "pred_rate": 0.04564486237902395
    },
    "Security: personal": {
      "gold": 352.0,
      "pred": 1698.0,
      "gold_rate": 0.02416088956002471,
      "pred_rate": 0.11654883657080102
    },
    "Security: societal": {
      "gold": 1151.0,
      "pred": 2823.0,
      "gold_rate": 0.07900336330564899,
      "pred_rate": 0.19376758871576635
    },
    "Tradition": {
      "gold": 196.0,
      "pred": 495.0,
      "gold_rate": 0.01345322259592285,
      "pred_rate": 0.03397625094378475
    },
    "Conformity: rules": {
      "gold": 911.0,
      "pred": 1461.0,
      "gold_rate": 0.06253002951472304,
      "pred_rate": 0.10028141945226166
    },
    "Conformity: interpersonal": {
      "gold": 195.0,
      "pred": 490.0,
      "gold_rate": 0.013384583705127325,
      "pred_rate": 0.03363305648980713
    },
    "Humility": {
      "gold": 30.0,
      "pred": 26.0,
      "gold_rate": 0.0020591667238657424,
      "pred_rate": 0.0017846111606836434
    },
    "Benevolence: caring": {
      "gold": 324.0,
      "pred": 1446.0,
      "gold_rate": 0.022239000617750016,
      "pred_rate": 0.09925183609032878
    },
    "Benevolence: dependability": {
      "gold": 288.0,
      "pred": 484.0,
      "gold_rate": 0.019768000549111125,
      "pred_rate": 0.03322122314503398
    },
    "Universalism: concern": {
      "gold": 735.0,
      "pred": 2095.0,
      "gold_rate": 0.05044958473471069,
      "pred_rate": 0.14379847621662434
    },
    "Universalism: nature": {
      "gold": 293.0,
      "pred": 462.0,
      "gold_rate": 0.02011119500308875,
      "pred_rate": 0.031711167547532434
    },
    "Universalism: tolerance": {
      "gold": 171.0,
      "pred": 498.0,
      "gold_rate": 0.011737250326034732,
      "pred_rate": 0.03418216761617132
    }
  }
}
