{
  "micro_f1": 0.341208312307904,
  "macro_f1": 0.2807052041014463,
  "per_label_f1": {
    "Self-direction: thought": 0.03809523809523809,
    "Self-direction: action": 0.1804922515952598,
    "Stimulation": 0.24107142857142858,
    "Hedonism": 0.2015503875968992,
    "Achievement": 0.33699231613611413,
    "Power: dominance": 0.344165435745938,
    "Power: resources": 0.36021872863978127,
    "Face": 0.2143727161997564,
    "Security: personal": 0.3236607142857143,
    "Security: societal": 0.4211956521739131,
    "Tradition": 0.38976377952755903,
    "Conformity: rules": 0.4437609841827768,
    "Conformity: interpersonal": 0.11661807580174927,
    "Humility": 0.0,
    "Benevolence: caring": 0.2501942501942502,
    "Benevolence: dependability": 0.2864137086903305,
    "Universalism: concern": 0.4060312331717824,
    "Universalism: nature": 0.5524861878453038,
    "Universalism: tolerance": 0.2263157894736842
  },
  "per_label_support": {
    "Self-direction: thought": {
      "gold": 171.0,
      "pred": 39.0,
      "gold_rate": 0.011737250326034732,
      "pred_rate": 0.002676916741025465
    },
    "Self-direction: action": {
      "gold": 512.0,
      "pred": 585.0,
      "gold_rate": 0.03514311208730867,
      "pred_rate": 0.040153751115381976
    },
    "Stimulation": {
      "gold": 371.0,
      "pred": 749.0,
      "gold_rate": 0.02546502848513968,
      "pred_rate": 0.051410529205848036
    },
    "Hedonism": {
      "gold": 125.0,
      "pred": 262.0,
      "gold_rate": 0.008579861349440594,
      "pred_rate": 0.017983389388427484
    },
    "Achievement": {
      "gold": 911.0,
      "pred": 911.0,
      "gold_rate": 0.06253002951472304,
      "pred_rate": 0.06253002951472304
    },
    "Power: dominance": {
      "gold": 631.0,
      "pred": 723.0,
      "gold_rate": 0.04331114009197611,
      "pred_rate": 0.04962591804516439
    },
    "Power: resources": {
      "gold": 805.0,
      "pred": 2121.0,
      "gold_rate": 0.05525430709039742,
      "pred_rate": 0.145583087377308
    },
    "Face": {
      "gold": 267.0,
      "pred": 554.0,
      "gold_rate": 0.018326583842405108,
      "pred_rate": 0.038025945500720706
    },
    "Security: personal": {
      "gold": 352.0,
      "pred": 544.0,
      "gold_rate": 0.02416088956002471,
      "pred_rate": 0.03733955659276546
    },
    "Security: societal": {
      "gold": 1151.0,
      "pred": 1793.0,
      "gold_rate": 0.07900336330564899,
      "pred_rate": 0.12306953119637587
    },
    "Tradition": {
      "gold": 196.0,
      "pred": 312.0,
      "gold_rate": 0.01345322259592285,
      "pred_rate": 0.02141533392820372
    },
    "Conformity: rules": {
      "gold": 911.0,
      "pred": 1365.0,
      "gold_rate": 0.06253002951472304,
      "pred_rate": 0.09369208593589128
    },
    "Conformity: interpersonal": {
      "gold": 195.0,
      "pred": 148.0,
      "gold_rate": 0.013384583705127325,
      "pred_rate": 0.010158555837737662
    },
    "Humility": {
      "gold": 30.0,
      "pred": 0.0,
      "gold_rate": 0.0020591667238657424,
      "pred_rate": 0.0
    },
    "Benevolence: caring": {
      "gold": 324.0,
      "pred": 963.0,
      "gold_rate": 0.022239000617750016,
      "pred_rate": 0.06609925183609033
    },
    "Benevolence: dependability": {
      "gold": 288.0,
      "pred": 529.0,
      "gold_rate": 0.019768000549111125,
      "pred_rate": 0.03630997323083259
    },
    "Universalism: concern": {
      "gold": 735.0,
      "pred": 1122.0,
      "gold_rate": 0.05044958473471069,
      "pred_rate": 0.07701283547257877
    },
    "Universalism: nature": {
      "gold": 293.0,
      "pred": 431.0,
      "gold_rate": 0.02011119500308875,
      "pred_rate": 0.029583361932871165
    },
    "Universalism: tolerance": {
      "gold": 171.0,
      "pred": 209.0,
      "gold_rate": 0.011737250326034732,
      "pred_rate": 0.014345528176264671
    }
  }
}
