{
  "micro_f1": 0.3237156251510319,
  "macro_f1": 0.271992472141953,
  "per_label_f1": {
    "Self-direction: thought": 0.09968847352024922,
    "Self-direction: action": 0.17151607963246557,
    "Stimulation": 0.25423728813559326,
    "Hedonism": 0.2062780269058296,
    "Achievement": 0.3218197135636057,
    "Power: dominance": 0.3271375464684015,
    "Power: resources": 0.36627282491944146,
    "Face": 0.20029027576197386,
    "Security: personal": 0.3015075376884422,
    "Security: societal": 0.3990944372574385,
    "Tradition": 0.40094339622641506,
    "Conformity: rules": 0.4003248071457572,
    "Conformity: interpersonal": 0.10020876826722339,
    "Humility": 0.0,
    "Benevolence: caring": 0.21453287197231835,
    "Benevolence: dependability": 0.26215022091310747,
    "Universalism: concern": 0.3716381418092909,
    "Universalism: nature": 0.5382165605095542,
    "Universalism: tolerance": 0.232
  },
  "per_label_support": {
    "Self-direction: thought": {
      "gold": 171.0,
      "pred": 150.0,
      "gold_rate": 0.011737250326034732,
      "pred_rate": 0.010295833619328712
    },
    "Self-direction: action": {
      "gold": 512.0,
      "pred": 794.0,
      "gold_rate": 0.03514311208730867,
      "pred_rate": 0.05449927929164665
    },
    "Stimulation": {
      "gold": 371.0,
      "pred": 337.0,
      "gold_rate": 0.02546502848513968,
      "pred_rate": 0.02313130619809184
    },
    "Hedonism": {
      "gold": 125.0,
      "pred": 98.0,
      "gold_rate": 0.008579861349440594,
      "pred_rate": 0.006726611297961425
    },
    "Achievement": {
      "gold": 911.0,
      "pred": 1463.0,
      "gold_rate": 0.06253002951472304,
      "pred_rate": 0.1004186972338527
    },
    "Power: dominance": {
      "gold": 631.0,
      "pred": 983.0,
      "gold_rate": 0.04331114009197611,
      "pred_rate": 0.06747202965200082
    },
    "Power: resources": {
      "gold": 805.0,
      "pred": 1057.0,
      "gold_rate": 0.05525430709039742,
      "pred_rate": 0.07255130757086965
    },
    "Face": {
      "gold": 267.0,
      "pred": 422.0,
      "gold_rate": 0.018326583842405108,
      "pred_rate": 0.028965611915711443
    },
    "Security: personal": {
      "gold": 352.0,
      "pred": 444.0,
      "gold_rate": 0.02416088956002471,
      "pred_rate": 0.030475667513212987
    },
    "Security: societal": {
      "gold": 1151.0,
      "pred": 1941.0,
      "gold_rate": 0.07900336330564899,
      "pred_rate": 0.13322808703411354
    },
    "Tradition": {
      "gold": 196.0,
      "pred": 228.0,
      "gold_rate": 0.01345322259592285,
      "pred_rate": 0.015649667101379643
    },
    "Conformity: rules": {
      "gold": 911.0,
      "pred": 1552.0,
      "gold_rate": 0.06253002951472304,
      "pred_rate": 0.1065275585146544
    },
    "Conformity: interpersonal": {
      "gold": 195.0,
      "pred": 284.0,
      "gold_rate": 0.013384583705127325,
      "pred_rate": 0.019493444985929028
    },
    "Humility": {
      "gold": 30.0,
      "pred": 0.0,
      "gold_rate": 0.0020591667238657424,
      "pred_rate": 0.0
    },
    "Benevolence: caring": {
      "gold": 324.0,
      "pred": 543.0,
      "gold_rate": 0.022239000617750016,
      "pred_rate": 0.037270917701969934
    },
    "Benevolence: dependability": {
      "gold": 288.0,
      "pred": 391.0,
      "gold_rate": 0.019768000549111125,
      "pred_rate": 0.026837806301050177
    },
    "Universalism: concern": {
      "gold": 735.0,
      "pred": 901.0,
      "gold_rate": 0.05044958473471069,
      "pred_rate": 0.061843640606767794
    },
    "Universalism: nature": {
      "gold": 293.0,
      "pred": 335.0,
      "gold_rate": 0.02011119500308875,
      "pred_rate": 0.02299402841650079
    },
    "Universalism: tolerance": {
      "gold": 171.0,
      "pred": 329.0,
      "gold_rate": 0.011737250326034732,
      "pred_rate": 0.02258219507172764
    }
  }
}
