{
  "micro_f1": 0.3522519223727572,
  "macro_f1": 0.2740835735425323,
  "per_label_f1": {
    "Self-direction: thought": 0.0,
    "Self-direction: action": 0.18273092369477914,
    "Stimulation": 0.24598930481283424,
    "Hedonism": 0.21333333333333335,
    "Achievement": 0.3422174840085288,
    "Power: dominance": 0.3271500843170321,
    "Power: resources": 0.3801652892561983,
    "Face": 0.208398133748056,
    "Security: personal": 0.3205882352941177,
    "Security: societal": 0.4340709305850257,
    "Tradition": 0.4,
    "Conformity: rules": 0.43457497612225404,
    "Conformity: interpersonal": 0.055299539170506916,
    "Humility": 0.0,
    "Benevolence: caring": 0.19727891156462582,
    "Benevolence: dependability": 0.23828125,
    "Universalism: concern": 0.43059490084985835,
    "Universalism: nature": 0.5599999999999999,
    "Universalism: tolerance": 0.2369146005509642
  },
  "per_label_support": {
    "Self-direction: thought": {
      "gold": 171.0,
      "pred": 5.0,
      "gold_rate": 0.011737250326034732,
      "pred_rate": 0.00034319445397762373
    },
    "Self-direction: action": {
      "gold": 512.0,
      "pred": 484.0,
      "gold_rate": 0.03514311208730867,
      "pred_rate": 0.03322122314503398
    },
    "Stimulation": {
      "gold": 371.0,
      "pred": 377.0,
      "gold_rate": 0.02546502848513968,
      "pred_rate": 0.025876861829912827
    },
    "Hedonism": {
      "gold": 125.0,
      "pred": 175.0,
      "gold_rate": 0.008579861349440594,
      "pred_rate": 0.01201180588921683
    },
    "Achievement": {
      "gold": 911.0,
      "pred": 965.0,
      "gold_rate": 0.06253002951472304,
      "pred_rate": 0.06623652961768138
    },
    "Power: dominance": {
      "gold": 631.0,
      "pred": 1148.0,
      "gold_rate": 0.04331114009197611,
      "pred_rate": 0.07879744663326241
    },
    "Power: resources": {
      "gold": 805.0,
      "pred": 1131.0,
      "gold_rate": 0.05525430709039742,
      "pred_rate": 0.07763058548973849
    },
    "Face": {
      "gold": 267.0,
      "pred": 376.0,
      "gold_rate": 0.018326583842405108,
      "pred_rate": 0.025808222939117303
    },
    "Security: personal": {
      "gold": 352.0,
      "pred": 328.0,
      "gold_rate": 0.02416088956002471,
      "pred_rate": 0.022513556180932117
    },
    "Security: societal": {
      "gold": 1151.0,
      "pred": 2148.0,
      "gold_rate": 0.07900336330564899,
      "pred_rate": 0.14743633742878715
    },
    "Tradition": {
      "gold": 196.0,
      "pred": 244.0,
      "gold_rate": 0.01345322259592285,
      "pred_rate": 0.016747889354108036
    },
    "Conformity: rules": {
      "gold": 911.0,
      "pred": 1183.0,
      "gold_rate": 0.06253002951472304,
      "pred_rate": 0.08119980781110578
    },
    "Conformity: interpersonal": {
      "gold": 195.0,
      "pred": 22.0,
      "gold_rate": 0.013384583705127325,
      "pred_rate": 0.0015100555975015443
    },
    "Humility": {
      "gold": 30.0,
      "pred": 0.0,
      "gold_rate": 0.0020591667238657424,
      "pred_rate": 0.0
    },
    "Benevolence: caring": {
      "gold": 324.0,
      "pred": 264.0,
      "gold_rate": 0.022239000617750016,
      "pred_rate": 0.018120667170018534
    },
    "Benevolence: dependability": {
      "gold": 288.0,
      "pred": 224.0,
      "gold_rate": 0.019768000549111125,
      "pred_rate": 0.015375111538197542
    },
    "Universalism: concern": {
      "gold": 735.0,
      "pred": 1030.0,
      "gold_rate": 0.05044958473471069,
      "pred_rate": 0.07069805751939048
    },
    "Universalism: nature": {
      "gold": 293.0,
      "pred": 382.0,
      "gold_rate": 0.02011119500308875,
      "pred_rate": 0.02622005628389045
    },
    "Universalism: tolerance": {
      "gold": 171.0,
      "pred": 192.0,
      "gold_rate": 0.011737250326034732,
      "pred_rate": 0.013178667032740751
    }
  }
}
