{
  "micro_f1": 0.3575228344876041,
  "macro_f1": 0.2853017972692874,
  "per_label_f1": {
    "Self-direction: thought": 0.0,
    "Self-direction: action": 0.18290258449304175,
    "Stimulation": 0.24727272727272728,
    "Hedonism": 0.23015873015873017,
    "Achievement": 0.3697389451251998,
    "Power: dominance": 0.34854771784232363,
    "Power: resources": 0.3839622641509434,
    "Face": 0.24000000000000005,
    "Security: personal": 0.3472868217054263,
    "Security: societal": 0.4165251839275608,
    "Tradition": 0.45789473684210524,
    "Conformity: rules": 0.4299732381801963,
    "Conformity: interpersonal": 0.06106870229007634,
    "Humility": 0.0,
    "Benevolence: caring": 0.21760000000000002,
    "Benevolence: dependability": 0.2674199623352166,
    "Universalism: concern": 0.4075546719681908,
    "Universalism: nature": 0.5761689291101055,
    "Universalism: tolerance": 0.23665893271461716
  },
  "per_label_support": {
    "Self-direction: thought": {
      "gold": 171.0,
      "pred": 8.0,
      "gold_rate": 0.011737250326034732,
      "pred_rate": 0.000549111126364198
    },
    "Self-direction: action": {
      "gold": 512.0,
      "pred": 494.0,
      "gold_rate": 0.03514311208730867,
      "pred_rate": 0.03390761205298922
    },
    "Stimulation": {
      "gold": 371.0,
      "pred": 454.0,
      "gold_rate": 0.02546502848513968,
      "pred_rate": 0.031162056421168233
    },
    "Hedonism": {
      "gold": 125.0,
      "pred": 127.0,
      "gold_rate": 0.008579861349440594,
      "pred_rate": 0.008717139131031643
    },
    "Achievement": {
      "gold": 911.0,
      "pred": 966.0,
      "gold_rate": 0.06253002951472304,
      "pred_rate": 0.0663051685084769
    },
    "Power: dominance": {
      "gold": 631.0,
      "pred": 1056.0,
      "gold_rate": 0.04331114009197611,
      "pred_rate": 0.07248266868007414
    },
    "Power: resources": {
      "gold": 805.0,
      "pred": 1315.0,
      "gold_rate": 0.05525430709039742,
      "pred_rate": 0.09026014139611505
    },
    "Face": {
      "gold": 267.0,
      "pred": 358.0,
      "gold_rate": 0.018326583842405108,
      "pred_rate": 0.02457272290479786
    },
    "Security: personal": {
      "gold": 352.0,
      "pred": 293.0,
      "gold_rate": 0.02416088956002471,
      "pred_rate": 0.02011119500308875
    },
    "Security: societal": {
      "gold": 1151.0,
      "pred": 2383.0,
      "gold_rate": 0.07900336330564899,
      "pred_rate": 0.16356647676573546
    },
    "Tradition": {
      "gold": 196.0,
      "pred": 184.0,
      "gold_rate": 0.01345322259592285,
      "pred_rate": 0.012629555906376553
    },
    "Conformity: rules": {
      "gold": 911.0,
      "pred": 1331.0,
      "gold_rate": 0.06253002951472304,
      "pred_rate": 0.09135836364884344
    },
    "Conformity: interpersonal": {
      "gold": 195.0,
      "pred": 67.0,
      "gold_rate": 0.013384583705127325,
      "pred_rate": 0.004598805683300158
    },
    "Humility": {
      "gold": 30.0,
      "pred": 0.0,
      "gold_rate": 0.0020591667238657424,
      "pred_rate": 0.0
    },
    "Benevolence: caring": {
      "gold": 324.0,
      "pred": 301.0,
      "gold_rate": 0.022239000617750016,
      "pred_rate": 0.020660306129452948
    },
    "Benevolence: dependability": {
      "gold": 288.0,
      "pred": 243.0,
      "gold_rate": 0.019768000549111125,
      "pred_rate": 0.016679250463312513
    },
    "Universalism: concern": {
      "gold": 735.0,
      "pred": 1277.0,
      "gold_rate": 0.05044958473471069,
      "pred_rate": 0.0876518635458851
    },
    "Universalism: nature": {
      "gold": 293.0,
      "pred": 370.0,
      "gold_rate": 0.02011119500308875,
      "pred_rate": 0.025396389594344156
    },
    "Universalism: tolerance": {
      "gold": 171.0,
      "pred": 260.0,
      "gold_rate": 0.011737250326034732,
      "pred_rate": 0.017846111606836433
    }
  }
}
