{
  "micro_f1": 0.3477784964426091,
  "macro_f1": 0.27769800698575553,
  "per_label_f1": {
    "Self-direction: thought": 0.022099447513812154,
    "Self-direction: action": 0.19903381642512075,
    "Stimulation": 0.24175824175824176,
    "Hedonism": 0.28115015974440893,
    "Achievement": 0.3560090702947845,
    "Power: dominance": 0.34265734265734266,
    "Power: resources": 0.3816216216216216,
    "Face": 0.20530973451327433,
    "Security: personal": 0.33292831105710813,
    "Security: societal": 0.4218094667465549,
    "Tradition": 0.3761301989150091,
    "Conformity: rules": 0.42376445846477395,
    "Conformity: interpersonal": 0.026315789473684213,
    "Humility": 0.0,
    "Benevolence: caring": 0.22505307855626328,
    "Benevolence: dependability": 0.2595419847328244,
    "Universalism: concern": 0.39588918677390533,
    "Universalism: nature": 0.5697503671071953,
    "Universalism: tolerance": 0.21543985637342908
  },
  "per_label_support": {
    "Self-direction: thought": {
      "gold": 171.0,
      "pred": 10.0,
      "gold_rate": 0.011737250326034732,
      "pred_rate": 0.0006863889079552475
    },
    "Self-direction: action": {
      "gold": 512.0,
      "pred": 523.0,
      "gold_rate": 0.03514311208730867,
      "pred_rate": 0.035898139886059444
    },
    "Stimulation": {
      "gold": 371.0,
      "pred": 357.0,
      "gold_rate": 0.02546502848513968,
      "pred_rate": 0.024504084014002333
    },
    "Hedonism": {
      "gold": 125.0,
      "pred": 188.0,
      "gold_rate": 0.008579861349440594,
      "pred_rate": 0.012904111469558652
    },
    "Achievement": {
      "gold": 911.0,
      "pred": 853.0,
      "gold_rate": 0.06253002951472304,
      "pred_rate": 0.058548973848582604
    },
    "Power: dominance": {
      "gold": 631.0,
      "pred": 1085.0,
      "gold_rate": 0.04331114009197611,
      "pred_rate": 0.07447319651314435
    },
    "Power: resources": {
      "gold": 805.0,
      "pred": 1045.0,
      "gold_rate": 0.05525430709039742,
      "pred_rate": 0.07172764088132336
    },
    "Face": {
      "gold": 267.0,
      "pred": 298.0,
      "gold_rate": 0.018326583842405108,
      "pred_rate": 0.020454389457066374
    },
    "Security: personal": {
      "gold": 352.0,
      "pred": 471.0,
      "gold_rate": 0.02416088956002471,
      "pred_rate": 0.03232891756469215
    },
    "Security: societal": {
      "gold": 1151.0,
      "pred": 2187.0,
      "gold_rate": 0.07900336330564899,
      "pred_rate": 0.1501132541698126
    },
    "Tradition": {
      "gold": 196.0,
      "pred": 357.0,
      "gold_rate": 0.01345322259592285,
      "pred_rate": 0.024504084014002333
    },
    "Conformity: rules": {
      "gold": 911.0,
      "pred": 991.0,
      "gold_rate": 0.06253002951472304,
      "pred_rate": 0.06802114077836502
    },
    "Conformity: interpersonal": {
      "gold": 195.0,
      "pred": 33.0,
      "gold_rate": 0.013384583705127325,
      "pred_rate": 0.0022650833962523167
    },
    "Humility": {
      "gold": 30.0,
      "pred": 0.0,
      "gold_rate": 0.0020591667238657424,
      "pred_rate": 0.0
    },
    "Benevolence: caring": {
      "gold": 324.0,
      "pred": 618.0,
      "gold_rate": 0.022239000617750016,
      "pred_rate": 0.04241883451163429
    },
    "Benevolence: dependability": {
      "gold": 288.0,
      "pred": 367.0,
      "gold_rate": 0.019768000549111125,
      "pred_rate": 0.02519047292195758
    },
    "Universalism: concern": {
      "gold": 735.0,
      "pred": 1503.0,
      "gold_rate": 0.05044958473471069,
      "pred_rate": 0.1031642528656737
    },
    "Universalism: nature": {
      "gold": 293.0,
      "pred": 388.0,
      "gold_rate": 0.02011119500308875,
      "pred_rate": 0.0266318896286636
    },
    "Universalism: tolerance": {
      "gold": 171.0,
      "pred": 386.0,
      "gold_rate": 0.011737250326034732,
      "pred_rate": 0.026494611847072552
    }
  }
}
