{
  "micro_f1": 0.3817481417177581,
  "macro_f1": 0.30584568963244224,
  "per_label_f1": {
    "Self-direction: thought": 0.03940886699507389,
    "Self-direction: action": 0.20128479657387582,
    "Stimulation": 0.2699256110520723,
    "Hedonism": 0.29387755102040813,
    "Achievement": 0.4019047619047619,
    "Power: dominance": 0.3551952837140752,
    "Power: resources": 0.41309255079006774,
    "Face": 0.2456896551724138,
    "Security: personal": 0.38974358974358975,
    "Security: societal": 0.4575960951799878,
    "Tradition": 0.4543429844097996,
    "Conformity: rules": 0.44824016563147,
    "Conformity: interpersonal": 0.13651877133105803,
    "Humility": 0.0,
    "Benevolence: caring": 0.2424242424242424,
    "Benevolence: dependability": 0.2670906200317965,
    "Universalism: concern": 0.4490543014032947,
    "Universalism: nature": 0.5783475783475783,
    "Universalism: tolerance": 0.16733067729083664
  },
  "per_label_support": {
    "Self-direction: thought": {
      "gold": 171.0,
      "pred": 32.0,
      "gold_rate": 0.011737250326034732,
      "pred_rate": 0.002196444505456792
    },
    "Self-direction: action": {
      "gold": 512.0,
      "pred": 422.0,
      "gold_rate": 0.03514311208730867,
      "pred_rate": 0.028965611915711443
    },
    "Stimulation": {
      "gold": 371.0,
      "pred": 570.0,
      "gold_rate": 0.02546502848513968,
      "pred_rate": 0.0391241677534491
    },
    "Hedonism": {
      "gold": 125.0,
      "pred": 120.0,
      "gold_rate": 0.008579861349440594,
      "pred_rate": 0.00823666689546297
    },
    "Achievement": {
      "gold": 911.0,
      "pred": 1189.0,
      "gold_rate": 0.06253002951472304,
      "pred_rate": 0.08161164115587892
    },
    "Power: dominance": {
      "gold": 631.0,
      "pred": 726.0,
      "gold_rate": 0.04331114009197611,
      "pred_rate": 0.04983183471755096
    },
    "Power: resources": {
      "gold": 805.0,
      "pred": 967.0,
      "gold_rate": 0.05525430709039742,
      "pred_rate": 0.06637380739927243
    },
    "Face": {
      "gold": 267.0,
      "pred": 197.0,
      "gold_rate": 0.018326583842405108,
      "pred_rate": 0.013521861486718375
    },
    "Security: personal": {
      "gold": 352.0,
      "pred": 233.0,
      "gold_rate": 0.02416088956002471,
      "pred_rate": 0.015992861555357264
    },
    "Security: societal": {
      "gold": 1151.0,
      "pred": 2127.0,
      "gold_rate": 0.07900336330564899,
      "pred_rate": 0.14599492072208112
    },
    "Tradition": {
      "gold": 196.0,
      "pred": 253.0,
      "gold_rate": 0.01345322259592285,
      "pred_rate": 0.017365639371267762
    },
    "Conformity: rules": {
      "gold": 911.0,
      "pred": 1021.0,
      "gold_rate": 0.06253002951472304,
      "pred_rate": 0.07008030750223077
    },
    "Conformity: interpersonal": {
      "gold": 195.0,
      "pred": 98.0,
      "gold_rate": 0.013384583705127325,
      "pred_rate": 0.006726611297961425
    },
    "Humility": {
      "gold": 30.0,
      "pred": 0.0,
      "gold_rate": 0.0020591667238657424,
      "pred_rate": 0.0
    },
    "Benevolence: caring": {
      "gold": 324.0,
      "pred": 303.0,
      "gold_rate": 0.022239000617750016,
      "pred_rate": 0.020797583911044
    },
    "Benevolence: dependability": {
      "gold": 288.0,
      "pred": 341.0,
      "gold_rate": 0.019768000549111125,
      "pred_rate": 0.023405861761273936
    },
    "Universalism: concern": {
      "gold": 735.0,
      "pred": 904.0,
      "gold_rate": 0.05044958473471069,
      "pred_rate": 0.06204955727915437
    },
    "Universalism: nature": {
      "gold": 293.0,
      "pred": 409.0,
      "gold_rate": 0.02011119500308875,
      "pred_rate": 0.02807330633536962
    },
    "Universalism: tolerance": {
      "gold": 171.0,
      "pred": 80.0,
      "gold_rate": 0.011737250326034732,
      "pred_rate": 0.00549111126364198
    }
  },
  "meta": {
    "model_name": "microsoft/deberta-v3-base",
    "context_type": "doc",
    "rag_mode": "cross_attention",
    "use_rag": true,
    "top_k": 2,
    "seed": 7,
    "split": "test"
  }
}