{
  "micro_f1": 0.34758819294456444,
  "macro_f1": 0.2848264287710178,
  "per_label_f1": {
    "Self-direction: thought": 0.12318840579710144,
    "Self-direction: action": 0.1541318477251625,
    "Stimulation": 0.2586206896551724,
    "Hedonism": 0.20447284345047922,
    "Achievement": 0.3607060629316961,
    "Power: dominance": 0.32246798603026783,
    "Power: resources": 0.4225092250922509,
    "Face": 0.18639053254437865,
    "Security: personal": 0.3445255474452555,
    "Security: societal": 0.4312320916905444,
    "Tradition": 0.3726415094339623,
    "Conformity: rules": 0.42100731812311665,
    "Conformity: interpersonal": 0.12949640287769784,
    "Humility": 0.0,
    "Benevolence: caring": 0.2644628099173554,
    "Benevolence: dependability": 0.24328147100424327,
    "Universalism: concern": 0.40762308099523564,
    "Universalism: nature": 0.5665529010238908,
    "Universalism: tolerance": 0.19839142091152814
  },
  "per_label_support": {
    "Self-direction: thought": {
      "gold": 171.0,
      "pred": 105.0,
      "gold_rate": 0.011737250326034732,
      "pred_rate": 0.007207083533530098
    },
    "Self-direction: action": {
      "gold": 512.0,
      "pred": 565.0,
      "gold_rate": 0.03514311208730867,
      "pred_rate": 0.03878097329947148
    },
    "Stimulation": {
      "gold": 371.0,
      "pred": 557.0,
      "gold_rate": 0.02546502848513968,
      "pred_rate": 0.038231862173107284
    },
    "Hedonism": {
      "gold": 125.0,
      "pred": 188.0,
      "gold_rate": 0.008579861349440594,
      "pred_rate": 0.012904111469558652
    },
    "Achievement": {
      "gold": 911.0,
      "pred": 1695.0,
      "gold_rate": 0.06253002951472304,
      "pred_rate": 0.11634291989841444
    },
    "Power: dominance": {
      "gold": 631.0,
      "pred": 1087.0,
      "gold_rate": 0.04331114009197611,
      "pred_rate": 0.0746104742947354
    },
    "Power: resources": {
      "gold": 805.0,
      "pred": 1363.0,
      "gold_rate": 0.05525430709039742,
      "pred_rate": 0.09355480815430023
    },
    "Face": {
      "gold": 267.0,
      "pred": 409.0,
      "gold_rate": 0.018326583842405108,
      "pred_rate": 0.02807330633536962
    },
    "Security: personal": {
      "gold": 352.0,
      "pred": 333.0,
      "gold_rate": 0.02416088956002471,
      "pred_rate": 0.02285675063490974
    },
    "Security: societal": {
      "gold": 1151.0,
      "pred": 1641.0,
      "gold_rate": 0.07900336330564899,
      "pred_rate": 0.1126364197954561
    },
    "Tradition": {
      "gold": 196.0,
      "pred": 228.0,
      "gold_rate": 0.01345322259592285,
      "pred_rate": 0.015649667101379643
    },
    "Conformity: rules": {
      "gold": 911.0,
      "pred": 1412.0,
      "gold_rate": 0.06253002951472304,
      "pred_rate": 0.09691811380328094
    },
    "Conformity: interpersonal": {
      "gold": 195.0,
      "pred": 222.0,
      "gold_rate": 0.013384583705127325,
      "pred_rate": 0.015237833756606494
    },
    "Humility": {
      "gold": 30.0,
      "pred": 0.0,
      "gold_rate": 0.0020591667238657424,
      "pred_rate": 0.0
    },
    "Benevolence: caring": {
      "gold": 324.0,
      "pred": 523.0,
      "gold_rate": 0.022239000617750016,
      "pred_rate": 0.035898139886059444
    },
    "Benevolence: dependability": {
      "gold": 288.0,
      "pred": 419.0,
      "gold_rate": 0.019768000549111125,
      "pred_rate": 0.02875969524332487
    },
    "Universalism: concern": {
      "gold": 735.0,
      "pred": 1154.0,
      "gold_rate": 0.05044958473471069,
      "pred_rate": 0.07920927997803555
    },
    "Universalism: nature": {
      "gold": 293.0,
      "pred": 293.0,
      "gold_rate": 0.02011119500308875,
      "pred_rate": 0.02011119500308875
    },
    "Universalism: tolerance": {
      "gold": 171.0,
      "pred": 202.0,
      "gold_rate": 0.011737250326034732,
      "pred_rate": 0.013865055940695998
    }
  },
  "meta": {
    "model_name": "microsoft/deberta-v3-large",
    "context_type": "doc",
    "rag_mode": "late",
    "use_rag": true,
    "top_k": 2,
    "seed": 42,
    "split": "test"
  }
}