{
  "micro_f1": 0.34487997569127926,
  "macro_f1": 0.27435225486925974,
  "per_label_f1": {
    "Self-direction: thought": 0.05286343612334801,
    "Self-direction: action": 0.1681195516811955,
    "Stimulation": 0.24911032028469748,
    "Hedonism": 0.20195439739413681,
    "Achievement": 0.35750766087844743,
    "Power: dominance": 0.3066485753052917,
    "Power: resources": 0.40930232558139534,
    "Face": 0.07619047619047618,
    "Security: personal": 0.3293556085918854,
    "Security: societal": 0.42931616068690587,
    "Tradition": 0.3938053097345133,
    "Conformity: rules": 0.42043222003929276,
    "Conformity: interpersonal": 0.11155378486055777,
    "Humility": 0.0,
    "Benevolence: caring": 0.27424749163879597,
    "Benevolence: dependability": 0.27486910994764396,
    "Universalism: concern": 0.4178591871780195,
    "Universalism: nature": 0.584795321637427,
    "Universalism: tolerance": 0.15476190476190474
  },
  "per_label_support": {
    "Self-direction: thought": {
      "gold": 171.0,
      "pred": 56.0,
      "gold_rate": 0.011737250326034732,
      "pred_rate": 0.0038437778845493856
    },
    "Self-direction: action": {
      "gold": 512.0,
      "pred": 1094.0,
      "gold_rate": 0.03514311208730867,
      "pred_rate": 0.07509094653030407
    },
    "Stimulation": {
      "gold": 371.0,
      "pred": 472.0,
      "gold_rate": 0.02546502848513968,
      "pred_rate": 0.032397556455487676
    },
    "Hedonism": {
      "gold": 125.0,
      "pred": 182.0,
      "gold_rate": 0.008579861349440594,
      "pred_rate": 0.012492278124785504
    },
    "Achievement": {
      "gold": 911.0,
      "pred": 1047.0,
      "gold_rate": 0.06253002951472304,
      "pred_rate": 0.0718649186629144
    },
    "Power: dominance": {
      "gold": 631.0,
      "pred": 843.0,
      "gold_rate": 0.04331114009197611,
      "pred_rate": 0.05786258494062736
    },
    "Power: resources": {
      "gold": 805.0,
      "pred": 915.0,
      "gold_rate": 0.05525430709039742,
      "pred_rate": 0.06280458507790514
    },
    "Face": {
      "gold": 267.0,
      "pred": 48.0,
      "gold_rate": 0.018326583842405108,
      "pred_rate": 0.0032946667581851877
    },
    "Security: personal": {
      "gold": 352.0,
      "pred": 486.0,
      "gold_rate": 0.02416088956002471,
      "pred_rate": 0.033358500926625026
    },
    "Security: societal": {
      "gold": 1151.0,
      "pred": 2110.0,
      "gold_rate": 0.07900336330564899,
      "pred_rate": 0.1448280595785572
    },
    "Tradition": {
      "gold": 196.0,
      "pred": 256.0,
      "gold_rate": 0.01345322259592285,
      "pred_rate": 0.017571556043654336
    },
    "Conformity: rules": {
      "gold": 911.0,
      "pred": 1125.0,
      "gold_rate": 0.06253002951472304,
      "pred_rate": 0.07721875214496533
    },
    "Conformity: interpersonal": {
      "gold": 195.0,
      "pred": 56.0,
      "gold_rate": 0.013384583705127325,
      "pred_rate": 0.0038437778845493856
    },
    "Humility": {
      "gold": 30.0,
      "pred": 0.0,
      "gold_rate": 0.0020591667238657424,
      "pred_rate": 0.0
    },
    "Benevolence: caring": {
      "gold": 324.0,
      "pred": 573.0,
      "gold_rate": 0.022239000617750016,
      "pred_rate": 0.03933008442583568
    },
    "Benevolence: dependability": {
      "gold": 288.0,
      "pred": 476.0,
      "gold_rate": 0.019768000549111125,
      "pred_rate": 0.03267211201866978
    },
    "Universalism: concern": {
      "gold": 735.0,
      "pred": 1012.0,
      "gold_rate": 0.05044958473471069,
      "pred_rate": 0.06946255748507105
    },
    "Universalism: nature": {
      "gold": 293.0,
      "pred": 391.0,
      "gold_rate": 0.02011119500308875,
      "pred_rate": 0.026837806301050177
    },
    "Universalism: tolerance": {
      "gold": 171.0,
      "pred": 165.0,
      "gold_rate": 0.011737250326034732,
      "pred_rate": 0.011325416981261582
    }
  },
  "meta": {
    "model_name": "microsoft/deberta-v3-large",
    "context_type": "doc",
    "rag_mode": "cross_attention",
    "use_rag": true,
    "top_k": 2,
    "seed": 1701,
    "split": "test"
  }
}