{
  "micro_f1": 0.34947196571603495,
  "macro_f1": 0.2759834894196054,
  "per_label_f1": {
    "Self-direction: thought": 0.03225806451612903,
    "Self-direction: action": 0.16666666666666669,
    "Stimulation": 0.2679955703211517,
    "Hedonism": 0.22153846153846155,
    "Achievement": 0.3620689655172414,
    "Power: dominance": 0.2973621103117506,
    "Power: resources": 0.4091470951792337,
    "Face": 0.14326647564469916,
    "Security: personal": 0.34676434676434675,
    "Security: societal": 0.43137254901960786,
    "Tradition": 0.4140786749482402,
    "Conformity: rules": 0.4308370044052864,
    "Conformity: interpersonal": 0.08791208791208792,
    "Humility": 0.0,
    "Benevolence: caring": 0.2407960199004975,
    "Benevolence: dependability": 0.2156521739130435,
    "Universalism: concern": 0.3941674506114769,
    "Universalism: nature": 0.5896103896103896,
    "Universalism: tolerance": 0.19219219219219216
  },
  "per_label_support": {
    "Self-direction: thought": {
      "gold": 171.0,
      "pred": 15.0,
      "gold_rate": 0.011737250326034732,
      "pred_rate": 0.0010295833619328712
    },
    "Self-direction: action": {
      "gold": 512.0,
      "pred": 820.0,
      "gold_rate": 0.03514311208730867,
      "pred_rate": 0.05628389045233029
    },
    "Stimulation": {
      "gold": 371.0,
      "pred": 532.0,
      "gold_rate": 0.02546502848513968,
      "pred_rate": 0.03651588990321916
    },
    "Hedonism": {
      "gold": 125.0,
      "pred": 200.0,
      "gold_rate": 0.008579861349440594,
      "pred_rate": 0.01372777815910495
    },
    "Achievement": {
      "gold": 911.0,
      "pred": 829.0,
      "gold_rate": 0.06253002951472304,
      "pred_rate": 0.05690164046949001
    },
    "Power: dominance": {
      "gold": 631.0,
      "pred": 620.0,
      "gold_rate": 0.04331114009197611,
      "pred_rate": 0.04255611229322534
    },
    "Power: resources": {
      "gold": 805.0,
      "pred": 813.0,
      "gold_rate": 0.05525430709039742,
      "pred_rate": 0.055803418216761616
    },
    "Face": {
      "gold": 267.0,
      "pred": 82.0,
      "gold_rate": 0.018326583842405108,
      "pred_rate": 0.005628389045233029
    },
    "Security: personal": {
      "gold": 352.0,
      "pred": 467.0,
      "gold_rate": 0.02416088956002471,
      "pred_rate": 0.03205436200151006
    },
    "Security: societal": {
      "gold": 1151.0,
      "pred": 2062.0,
      "gold_rate": 0.07900336330564899,
      "pred_rate": 0.14153339282037203
    },
    "Tradition": {
      "gold": 196.0,
      "pred": 287.0,
      "gold_rate": 0.01345322259592285,
      "pred_rate": 0.019699361658315602
    },
    "Conformity: rules": {
      "gold": 911.0,
      "pred": 1359.0,
      "gold_rate": 0.06253002951472304,
      "pred_rate": 0.09328025259111812
    },
    "Conformity: interpersonal": {
      "gold": 195.0,
      "pred": 78.0,
      "gold_rate": 0.013384583705127325,
      "pred_rate": 0.00535383348205093
    },
    "Humility": {
      "gold": 30.0,
      "pred": 0.0,
      "gold_rate": 0.0020591667238657424,
      "pred_rate": 0.0
    },
    "Benevolence: caring": {
      "gold": 324.0,
      "pred": 681.0,
      "gold_rate": 0.022239000617750016,
      "pred_rate": 0.04674308463175235
    },
    "Benevolence: dependability": {
      "gold": 288.0,
      "pred": 287.0,
      "gold_rate": 0.019768000549111125,
      "pred_rate": 0.019699361658315602
    },
    "Universalism: concern": {
      "gold": 735.0,
      "pred": 1391.0,
      "gold_rate": 0.05044958473471069,
      "pred_rate": 0.09547669709657491
    },
    "Universalism: nature": {
      "gold": 293.0,
      "pred": 477.0,
      "gold_rate": 0.02011119500308875,
      "pred_rate": 0.0327407509094653
    },
    "Universalism: tolerance": {
      "gold": 171.0,
      "pred": 162.0,
      "gold_rate": 0.011737250326034732,
      "pred_rate": 0.011119500308875008
    }
  },
  "meta": {
    "model_name": "microsoft/deberta-v3-large",
    "context_type": "doc",
    "rag_mode": "late",
    "use_rag": true,
    "top_k": 2,
    "seed": 7,
    "split": "test"
  }
}