{
  "micro_f1": 0.3582903040734366,
  "macro_f1": 0.3054739102771626,
  "per_label_f1": {
    "Self-direction: thought": 0.12000000000000001,
    "Self-direction: action": 0.21799561082662763,
    "Stimulation": 0.2615219721329046,
    "Hedonism": 0.29602888086642604,
    "Achievement": 0.3804829965500246,
    "Power: dominance": 0.339209726443769,
    "Power: resources": 0.4048027444253859,
    "Face": 0.22905982905982905,
    "Security: personal": 0.34310532030401736,
    "Security: societal": 0.43606998654104984,
    "Tradition": 0.4263959390862944,
    "Conformity: rules": 0.42996254681647944,
    "Conformity: interpersonal": 0.1375921375921376,
    "Humility": 0.05555555555555555,
    "Benevolence: caring": 0.23809523809523808,
    "Benevolence: dependability": 0.2705882352941177,
    "Universalism: concern": 0.41740088105726875,
    "Universalism: nature": 0.5616045845272206,
    "Universalism: tolerance": 0.23853211009174313
  },
  "per_label_support": {
    "Self-direction: thought": {
      "gold": 171.0,
      "pred": 179.0,
      "gold_rate": 0.011737250326034732,
      "pred_rate": 0.01228636145239893
    },
    "Self-direction: action": {
      "gold": 512.0,
      "pred": 855.0,
      "gold_rate": 0.03514311208730867,
      "pred_rate": 0.05868625163017366
    },
    "Stimulation": {
      "gold": 371.0,
      "pred": 562.0,
      "gold_rate": 0.02546502848513968,
      "pred_rate": 0.03857505662708491
    },
    "Hedonism": {
      "gold": 125.0,
      "pred": 152.0,
      "gold_rate": 0.008579861349440594,
      "pred_rate": 0.010433111400919761
    },
    "Achievement": {
      "gold": 911.0,
      "pred": 1118.0,
      "gold_rate": 0.06253002951472304,
      "pred_rate": 0.07673827990939666
    },
    "Power: dominance": {
      "gold": 631.0,
      "pred": 1014.0,
      "gold_rate": 0.04331114009197611,
      "pred_rate": 0.0695998352666621
    },
    "Power: resources": {
      "gold": 805.0,
      "pred": 944.0,
      "gold_rate": 0.05525430709039742,
      "pred_rate": 0.06479511291097535
    },
    "Face": {
      "gold": 267.0,
      "pred": 318.0,
      "gold_rate": 0.018326583842405108,
      "pred_rate": 0.02182716727297687
    },
    "Security: personal": {
      "gold": 352.0,
      "pred": 569.0,
      "gold_rate": 0.02416088956002471,
      "pred_rate": 0.03905552886265358
    },
    "Security: societal": {
      "gold": 1151.0,
      "pred": 1821.0,
      "gold_rate": 0.07900336330564899,
      "pred_rate": 0.12499142013865056
    },
    "Tradition": {
      "gold": 196.0,
      "pred": 198.0,
      "gold_rate": 0.01345322259592285,
      "pred_rate": 0.013590500377513899
    },
    "Conformity: rules": {
      "gold": 911.0,
      "pred": 1759.0,
      "gold_rate": 0.06253002951472304,
      "pred_rate": 0.12073580890932803
    },
    "Conformity: interpersonal": {
      "gold": 195.0,
      "pred": 212.0,
      "gold_rate": 0.013384583705127325,
      "pred_rate": 0.014551444848651245
    },
    "Humility": {
      "gold": 30.0,
      "pred": 6.0,
      "gold_rate": 0.0020591667238657424,
      "pred_rate": 0.00041183334477314847
    },
    "Benevolence: caring": {
      "gold": 324.0,
      "pred": 348.0,
      "gold_rate": 0.022239000617750016,
      "pred_rate": 0.02388633399684261
    },
    "Benevolence: dependability": {
      "gold": 288.0,
      "pred": 562.0,
      "gold_rate": 0.019768000549111125,
      "pred_rate": 0.03857505662708491
    },
    "Universalism: concern": {
      "gold": 735.0,
      "pred": 1081.0,
      "gold_rate": 0.05044958473471069,
      "pred_rate": 0.07419864094996224
    },
    "Universalism: nature": {
      "gold": 293.0,
      "pred": 405.0,
      "gold_rate": 0.02011119500308875,
      "pred_rate": 0.027798750772187523
    },
    "Universalism: tolerance": {
      "gold": 171.0,
      "pred": 374.0,
      "gold_rate": 0.011737250326034732,
      "pred_rate": 0.025670945157526253
    }
  },
  "meta": {
    "model_name": "microsoft/deberta-v3-base",
    "context_type": "doc",
    "rag_mode": "late",
    "use_rag": true,
    "top_k": 2,
    "seed": 7,
    "split": "test"
  }
}