{
  "micro_f1": 0.34502696391838544,
  "macro_f1": 0.2805028979901024,
  "per_label_f1": {
    "Self-direction: thought": 0.06844106463878327,
    "Self-direction: action": 0.16347124117053485,
    "Stimulation": 0.2553648068669528,
    "Hedonism": 0.22568093385214008,
    "Achievement": 0.356353591160221,
    "Power: dominance": 0.25515210991167814,
    "Power: resources": 0.37117903930131,
    "Face": 0.21590909090909088,
    "Security: personal": 0.3542857142857143,
    "Security: societal": 0.43781407035175884,
    "Tradition": 0.4405286343612335,
    "Conformity: rules": 0.4145601617795754,
    "Conformity: interpersonal": 0.12080536912751676,
    "Humility": 0.0,
    "Benevolence: caring": 0.24453024453024452,
    "Benevolence: dependability": 0.24496644295302014,
    "Universalism: concern": 0.4093333333333333,
    "Universalism: nature": 0.5745007680491551,
    "Universalism: tolerance": 0.17667844522968199
  },
  "per_label_support": {
    "Self-direction: thought": {
      "gold": 171.0,
      "pred": 92.0,
      "gold_rate": 0.011737250326034732,
      "pred_rate": 0.006314777953188276
    },
    "Self-direction: action": {
      "gold": 512.0,
      "pred": 479.0,
      "gold_rate": 0.03514311208730867,
      "pred_rate": 0.032878028691056355
    },
    "Stimulation": {
      "gold": 371.0,
      "pred": 561.0,
      "gold_rate": 0.02546502848513968,
      "pred_rate": 0.038506417736289385
    },
    "Hedonism": {
      "gold": 125.0,
      "pred": 132.0,
      "gold_rate": 0.008579861349440594,
      "pred_rate": 0.009060333585009267
    },
    "Achievement": {
      "gold": 911.0,
      "pred": 1261.0,
      "gold_rate": 0.06253002951472304,
      "pred_rate": 0.08655364129315671
    },
    "Power: dominance": {
      "gold": 631.0,
      "pred": 388.0,
      "gold_rate": 0.04331114009197611,
      "pred_rate": 0.0266318896286636
    },
    "Power: resources": {
      "gold": 805.0,
      "pred": 569.0,
      "gold_rate": 0.05525430709039742,
      "pred_rate": 0.03905552886265358
    },
    "Face": {
      "gold": 267.0,
      "pred": 261.0,
      "gold_rate": 0.018326583842405108,
      "pred_rate": 0.017914750497631957
    },
    "Security: personal": {
      "gold": 352.0,
      "pred": 348.0,
      "gold_rate": 0.02416088956002471,
      "pred_rate": 0.02388633399684261
    },
    "Security: societal": {
      "gold": 1151.0,
      "pred": 2033.0,
      "gold_rate": 0.07900336330564899,
      "pred_rate": 0.1395428649873018
    },
    "Tradition": {
      "gold": 196.0,
      "pred": 258.0,
      "gold_rate": 0.01345322259592285,
      "pred_rate": 0.017708833825245383
    },
    "Conformity: rules": {
      "gold": 911.0,
      "pred": 1067.0,
      "gold_rate": 0.06253002951472304,
      "pred_rate": 0.0732376964788249
    },
    "Conformity: interpersonal": {
      "gold": 195.0,
      "pred": 103.0,
      "gold_rate": 0.013384583705127325,
      "pred_rate": 0.0070698057519390485
    },
    "Humility": {
      "gold": 30.0,
      "pred": 0.0,
      "gold_rate": 0.0020591667238657424,
      "pred_rate": 0.0
    },
    "Benevolence: caring": {
      "gold": 324.0,
      "pred": 453.0,
      "gold_rate": 0.022239000617750016,
      "pred_rate": 0.03109341753037271
    },
    "Benevolence: dependability": {
      "gold": 288.0,
      "pred": 308.0,
      "gold_rate": 0.019768000549111125,
      "pred_rate": 0.02114077836502162
    },
    "Universalism: concern": {
      "gold": 735.0,
      "pred": 765.0,
      "gold_rate": 0.05044958473471069,
      "pred_rate": 0.052508751458576426
    },
    "Universalism: nature": {
      "gold": 293.0,
      "pred": 358.0,
      "gold_rate": 0.02011119500308875,
      "pred_rate": 0.02457272290479786
    },
    "Universalism: tolerance": {
      "gold": 171.0,
      "pred": 112.0,
      "gold_rate": 0.011737250326034732,
      "pred_rate": 0.007687555769098771
    }
  },
  "meta": {
    "model_name": "microsoft/deberta-v3-large",
    "context_type": "doc",
    "rag_mode": "late",
    "use_rag": true,
    "top_k": 2,
    "seed": 1701,
    "split": "test"
  }
}