{
  "micro_f1": 0.34235976789168276,
  "macro_f1": 0.28257412711353974,
  "per_label_f1": {
    "Self-direction: thought": 0.10697674418604652,
    "Self-direction: action": 0.19083969465648856,
    "Stimulation": 0.2300109529025192,
    "Hedonism": 0.24933687002652521,
    "Achievement": 0.3656536420646406,
    "Power: dominance": 0.31113730111962284,
    "Power: resources": 0.39112667834208986,
    "Face": 0.16822429906542058,
    "Security: personal": 0.3356643356643357,
    "Security: societal": 0.42472773862908386,
    "Tradition": 0.40653357531760437,
    "Conformity: rules": 0.43144595226953675,
    "Conformity: interpersonal": 0.09202453987730061,
    "Humility": 0.0,
    "Benevolence: caring": 0.24819027921406414,
    "Benevolence: dependability": 0.27010622154779973,
    "Universalism: concern": 0.38792221084953943,
    "Universalism: nature": 0.5272277227722773,
    "Universalism: tolerance": 0.23175965665236054
  },
  "per_label_support": {
    "Self-direction: thought": {
      "gold": 171.0,
      "pred": 259.0,
      "gold_rate": 0.011737250326034732,
      "pred_rate": 0.01777747271604091
    },
    "Self-direction: action": {
      "gold": 512.0,
      "pred": 798.0,
      "gold_rate": 0.03514311208730867,
      "pred_rate": 0.05477383485482874
    },
    "Stimulation": {
      "gold": 371.0,
      "pred": 542.0,
      "gold_rate": 0.02546502848513968,
      "pred_rate": 0.03720227881117441
    },
    "Hedonism": {
      "gold": 125.0,
      "pred": 252.0,
      "gold_rate": 0.008579861349440594,
      "pred_rate": 0.017297000480472235
    },
    "Achievement": {
      "gold": 911.0,
      "pred": 1162.0,
      "gold_rate": 0.06253002951472304,
      "pred_rate": 0.07975839110439975
    },
    "Power: dominance": {
      "gold": 631.0,
      "pred": 1066.0,
      "gold_rate": 0.04331114009197611,
      "pred_rate": 0.07316905758802937
    },
    "Power: resources": {
      "gold": 805.0,
      "pred": 908.0,
      "gold_rate": 0.05525430709039742,
      "pred_rate": 0.062324112842336465
    },
    "Face": {
      "gold": 267.0,
      "pred": 161.0,
      "gold_rate": 0.018326583842405108,
      "pred_rate": 0.011050861418079485
    },
    "Security: personal": {
      "gold": 352.0,
      "pred": 363.0,
      "gold_rate": 0.02416088956002471,
      "pred_rate": 0.02491591735877548
    },
    "Security: societal": {
      "gold": 1151.0,
      "pred": 1971.0,
      "gold_rate": 0.07900336330564899,
      "pred_rate": 0.13528725375797926
    },
    "Tradition": {
      "gold": 196.0,
      "pred": 355.0,
      "gold_rate": 0.01345322259592285,
      "pred_rate": 0.024366806232411286
    },
    "Conformity: rules": {
      "gold": 911.0,
      "pred": 1226.0,
      "gold_rate": 0.06253002951472304,
      "pred_rate": 0.08415128011531334
    },
    "Conformity: interpersonal": {
      "gold": 195.0,
      "pred": 131.0,
      "gold_rate": 0.013384583705127325,
      "pred_rate": 0.008991694694213742
    },
    "Humility": {
      "gold": 30.0,
      "pred": 4.0,
      "gold_rate": 0.0020591667238657424,
      "pred_rate": 0.000274555563182099
    },
    "Benevolence: caring": {
      "gold": 324.0,
      "pred": 643.0,
      "gold_rate": 0.022239000617750016,
      "pred_rate": 0.04413480678152241
    },
    "Benevolence: dependability": {
      "gold": 288.0,
      "pred": 371.0,
      "gold_rate": 0.019768000549111125,
      "pred_rate": 0.02546502848513968
    },
    "Universalism: concern": {
      "gold": 735.0,
      "pred": 1219.0,
      "gold_rate": 0.05044958473471069,
      "pred_rate": 0.08367080787974467
    },
    "Universalism: nature": {
      "gold": 293.0,
      "pred": 515.0,
      "gold_rate": 0.02011119500308875,
      "pred_rate": 0.03534902875969524
    },
    "Universalism: tolerance": {
      "gold": 171.0,
      "pred": 295.0,
      "gold_rate": 0.011737250326034732,
      "pred_rate": 0.0202484727846798
    }
  },
  "meta": {
    "model_name": "microsoft/deberta-v3-base",
    "context_type": "doc",
    "rag_mode": "late",
    "use_rag": true,
    "top_k": 2,
    "seed": 1701,
    "split": "test"
  }
}