{
  "micro_f1": 0.34888304862023656,
  "macro_f1": 0.29346115222707186,
  "per_label_f1": {
    "Self-direction: thought": 0.11961722488038277,
    "Self-direction: action": 0.17886178861788615,
    "Stimulation": 0.27388535031847133,
    "Hedonism": 0.2564102564102564,
    "Achievement": 0.37130801687763715,
    "Power: dominance": 0.33825198637911463,
    "Power: resources": 0.38519313304721037,
    "Face": 0.21996615905245345,
    "Security: personal": 0.3301204819277109,
    "Security: societal": 0.44326375711574956,
    "Tradition": 0.46191646191646196,
    "Conformity: rules": 0.4200435729847495,
    "Conformity: interpersonal": 0.10397553516819572,
    "Humility": 0.0,
    "Benevolence: caring": 0.25357873210633947,
    "Benevolence: dependability": 0.2345679012345679,
    "Universalism: concern": 0.3851604835348062,
    "Universalism: nature": 0.540381791483113,
    "Universalism: tolerance": 0.25925925925925924
  },
  "per_label_support": {
    "Self-direction: thought": {
      "gold": 171.0,
      "pred": 247.0,
      "gold_rate": 0.011737250326034732,
      "pred_rate": 0.01695380602649461
    },
    "Self-direction: action": {
      "gold": 512.0,
      "pred": 718.0,
      "gold_rate": 0.03514311208730867,
      "pred_rate": 0.04928272359118677
    },
    "Stimulation": {
      "gold": 371.0,
      "pred": 571.0,
      "gold_rate": 0.02546502848513968,
      "pred_rate": 0.03919280664424463
    },
    "Hedonism": {
      "gold": 125.0,
      "pred": 265.0,
      "gold_rate": 0.008579861349440594,
      "pred_rate": 0.018189306060814057
    },
    "Achievement": {
      "gold": 911.0,
      "pred": 1696.0,
      "gold_rate": 0.06253002951472304,
      "pred_rate": 0.11641155878920996
    },
    "Power: dominance": {
      "gold": 631.0,
      "pred": 1131.0,
      "gold_rate": 0.04331114009197611,
      "pred_rate": 0.07763058548973849
    },
    "Power: resources": {
      "gold": 805.0,
      "pred": 1059.0,
      "gold_rate": 0.05525430709039742,
      "pred_rate": 0.0726885853524607
    },
    "Face": {
      "gold": 267.0,
      "pred": 324.0,
      "gold_rate": 0.018326583842405108,
      "pred_rate": 0.022239000617750016
    },
    "Security: personal": {
      "gold": 352.0,
      "pred": 478.0,
      "gold_rate": 0.02416088956002471,
      "pred_rate": 0.03280938980026083
    },
    "Security: societal": {
      "gold": 1151.0,
      "pred": 1484.0,
      "gold_rate": 0.07900336330564899,
      "pred_rate": 0.10186011394055872
    },
    "Tradition": {
      "gold": 196.0,
      "pred": 211.0,
      "gold_rate": 0.01345322259592285,
      "pred_rate": 0.014482805957855721
    },
    "Conformity: rules": {
      "gold": 911.0,
      "pred": 1384.0,
      "gold_rate": 0.06253002951472304,
      "pred_rate": 0.09499622486100624
    },
    "Conformity: interpersonal": {
      "gold": 195.0,
      "pred": 132.0,
      "gold_rate": 0.013384583705127325,
      "pred_rate": 0.009060333585009267
    },
    "Humility": {
      "gold": 30.0,
      "pred": 4.0,
      "gold_rate": 0.0020591667238657424,
      "pred_rate": 0.000274555563182099
    },
    "Benevolence: caring": {
      "gold": 324.0,
      "pred": 654.0,
      "gold_rate": 0.022239000617750016,
      "pred_rate": 0.04488983458027318
    },
    "Benevolence: dependability": {
      "gold": 288.0,
      "pred": 198.0,
      "gold_rate": 0.019768000549111125,
      "pred_rate": 0.013590500377513899
    },
    "Universalism: concern": {
      "gold": 735.0,
      "pred": 1664.0,
      "gold_rate": 0.05044958473471069,
      "pred_rate": 0.11421511428375318
    },
    "Universalism: nature": {
      "gold": 293.0,
      "pred": 388.0,
      "gold_rate": 0.02011119500308875,
      "pred_rate": 0.0266318896286636
    },
    "Universalism: tolerance": {
      "gold": 171.0,
      "pred": 261.0,
      "gold_rate": 0.011737250326034732,
      "pred_rate": 0.017914750497631957
    }
  },
  "meta": {
    "model_name": "microsoft/deberta-v3-base",
    "context_type": "doc",
    "rag_mode": "late",
    "use_rag": true,
    "top_k": 2,
    "seed": 42,
    "split": "test"
  }
}