context,split,rag_mode,use_rag,base_macro_f1_mean,base_micro_f1_mean,large_macro_f1_mean,large_micro_f1_mean,delta_macro_f1_large_minus_base,delta_micro_f1_large_minus_base
doc,test,cross_attention,True,0.30116433809637705,0.3684171266443072,0.28042779794972866,0.34770788068686204,-0.020736540146648386,-0.020709245957445166
doc,test,early,True,0.3142978972773023,0.3685383103646722,0.2938653596655993,0.3494478361402491,-0.020432537611702994,-0.019090474224423115
doc,test,late,True,0.2938363965392581,0.349844373528452,0.2804376053935752,0.3473623741929949,-0.013398791145682876,-0.0024819993354570635
doc,test,none,False,0.28459892200219955,0.34580465229567653,0.2798591707387559,0.3396212786245572,-0.00473975126344367,-0.006183373671119319
sentence,test,early,True,0.27274640232145847,0.338422309722151,0.258494296718591,0.33171211303048853,-0.014252105602867493,-0.006710196691662451
sentence,test,none,False,0.23701167095685186,0.3090285192143537,0.2419839435160606,0.3076853931425871,0.004972272559208735,-0.0013431260717666205
window,test,early,True,0.30102107176115034,0.3635296381125452,0.23108985197212026,0.29104263134094993,-0.06993121978903008,-0.07248700677159525
window,test,none,False,0.2802295017502953,0.3374055886279519,0.20729690856980673,0.2717192691664072,-0.07293259318048859,-0.06568631946154468
