model_family,model_variant,context,split,rag_mode,use_rag,n,macro_f1_mean,macro_f1_std,micro_f1_mean,micro_f1_std
deberta,microsoft/deberta-v3-base,doc,test,cross_attention,True,3,0.30116433809637705,0.006642494363745608,0.3684171266443072,0.012945306759511914
deberta,microsoft/deberta-v3-base,doc,test,early,True,3,0.3142978972773023,0.007635345184521952,0.3685383103646722,0.010373442610792339
deberta,microsoft/deberta-v3-base,doc,test,late,True,3,0.2938363965392581,0.011454502322475952,0.349844373528452,0.00800865812380004
deberta,microsoft/deberta-v3-large,doc,test,cross_attention,True,3,0.28042779794972866,0.005510948867407898,0.34770788068686204,0.0036511954753751263
deberta,microsoft/deberta-v3-large,doc,test,early,True,3,0.2938653596655993,0.020109253467675302,0.3494478361402491,0.02188926099665551
deberta,microsoft/deberta-v3-large,doc,test,late,True,3,0.2804376053935752,0.004421831231012854,0.3473623741929949,0.0022310884847304953
